Entry	Entry Name	Reviewed	Protein names	Gene Names	Organism	Length
A0A023I7E1	ENG1_RHIMI	reviewed	Glucan endo-1,3-beta-D-glucosidase 1 (Endo-1,3-beta-glucanase 1) (EC 3.2.1.39) (Laminarinase) (RmLam81A)	ENG1 LAM81A	Rhizomucor miehei	796
A0A067XG64	A0A067XG64_PARTM	unreviewed	Beta-xylosidase (EC 3.2.1.37)		Parageobacillus thermoglucosidasius (Geobacillus thermoglucosidasius)	707
A0A075B5H6	A0A075B5H6_TRIHA	unreviewed	beta-mannosidase (EC 3.2.1.25)		Trichoderma harzianum (Hypocrea lixii)	942
A0A076U926	A0A076U926_9FUNG	unreviewed	Glucanase (EC 3.2.1.-)	cbhC7	Orpinomyces sp. Y102	449
A0A083ZKV2	A0A083ZKV2_RHIRD	unreviewed	Alpha-glucosidase yihQ (EC 3.2.1.20) (Sulfoquinovosidase)	yihQ AGTUEHA105_LOCUS3069 SY94_3281	Rhizobium radiobacter (Agrobacterium tumefaciens) (Agrobacterium radiobacter)	664
A0A088BCU2	A0A088BCU2_9BACL	unreviewed	Glucanase (EC 3.2.1.-)	lic8H	Paenibacillus sp. X4	409
A0A0D1M7L2	A0A0D1M7L2_9LACO	unreviewed	Alpha-N-arabinofuranosidase (Extracellular exo-alpha-(1->5)-L-arabinofuranosidase (EC 3.2.1.55)) (Extracellular exo-alpha-1->5-L-arabinofuranosidase) (Family 43 glycosylhydrolase)	AO080_02990 B6254_2263 B9D04_01605 HF635_03260 QX99_00224	Weissella cibaria	324
A0A0D5X2Y8	A0A0D5X2Y8_TRIAD	unreviewed	O-GlcNAcase (EC 3.2.1.169)		Trichoplax adhaerens (Trichoplax reptans)	723
A0A0D5YGK2	A0A0D5YGK2_ACIBA	unreviewed	Lysozyme (EC 3.2.1.17)	ABUW_1326 DVA69_16720 EA686_25815 NCTC13421_01283	Acinetobacter baumannii	184
A0A0H2UKY4	A0A0H2UKY4_STREE	unreviewed	Glycoside hydrolase (EC 3.2.1.102)		Streptococcus pneumoniae SP3-BS71	596
A0A0H2UNG0	PULA_STRPN	reviewed	Pullulanase A (EC 3.2.1.41) (Alpha-dextrin endo-1,6-alpha-glucosidase) (Pullulan 6-glucanohydrolase)	spuA SP_0268	Streptococcus pneumoniae serotype 4 (strain ATCC BAA-334 / TIGR4)	1280
A0A0H2UP19	A0A0H2UP19_STRPN	unreviewed	beta-galactosidase (EC 3.2.1.23)	bgaA SP_0648	Streptococcus pneumoniae serotype 4 (strain ATCC BAA-334 / TIGR4)	2233
A0A0H2YRL1	A0A0H2YRL1_CLOP1	unreviewed	Hyaluronoglucosaminidase (EC 3.2.1.35)	nagH CPF_0184	Clostridium perfringens (strain ATCC 13124 / DSM 756 / JCM 1290 / NCIMB 6125 / NCTC 8237 / Type A)	1627
A0A0H3C5N2	A0A0H3C5N2_CAUVN	unreviewed	Beta-galactosidase (EC 3.2.1.23)	CCNA_00830	Caulobacter vibrioides (strain NA1000 / CB15N) (Caulobacter crescentus)	549
A0A0J4VP90	A0A0J4VP90_KLEVA	unreviewed	Glucanase (EC 3.2.1.-)	AN2335V1_3670 IAP99_01170 NCTC9177_00719 SAMEA3729809_04098	Klebsiella variicola	333
A0A0J9X262	A0A0J9X262_KLEOX	unreviewed	Alpha-L-rhamnosidase (EC 3.2.1.40)	KOX_19945	Klebsiella oxytoca	523
A0A0S2GKZ1	A0A0S2GKZ1_9APHY	unreviewed	Endo-beta-1,4-glucanase D (Endoglucanase D) (EC 3.2.1.4) (Carboxymethylcellulase D) (Cellulase D)		Panus similis	254
A0A0U3SGP7	A0A0U3SGP7_9EURY	unreviewed	cellulase (EC 3.2.1.4)	ADU37_CDS22600	Thermococcus sp. 2319x1	1303
A0A0U4EBH5	CELDZ_THESZ	reviewed	Cellulase CelDZ1 (EC 3.2.1.4)	celDZ1a	Thermoanaerobacterium sp	385
A0A133PTK7	A0A133PTK7_9BACT	unreviewed	CD-NTase-associated protein 12 (EC 3.2.2.5) (NAD(+) hydrolase) (TIR-STING)	HMPREF3226_02659	Prevotella corporis	311
A0A154EJU5	A0A154EJU5_ACIBA	unreviewed	UDP-N-acetylglucosamine 2-epimerase (Hydrolyzing) (EC 3.2.1.183)	neuC AW828_RS14995 F2P40_13620 G3N53_15425	Acinetobacter baumannii	378
A0A161KIT4	A0A161KIT4_9EURY	unreviewed	Chitinase (EC 3.2.1.14)	chiD A3L04_09445 CHITON_1119	Thermococcus chitonophagus	805
A0A174QSL3	A0A174QSL3_BACT4	unreviewed	Beta-hexosaminidase (EC 3.2.1.52) (Family 20 glycosylhydrolase)	exo I_10 ERS852511_03057 GAN91_24875 GAO00_07630	Bacteroides thetaiotaomicron	774
A0A174TK78	A0A174TK78_9BACE	unreviewed	Beta-glycosidase (EC 3.2.1.73) (Glycoside hydrolase family 16 protein)	bglA_5 DW190_07485 DW794_15185 DWY26_17235 DXA49_02580 ERS852494_03890 F2Y31_20770 F2Y39_15605	Bacteroides caccae	258
A0A182DVL8	A0A182DVL8_9ACTN	unreviewed	Hyaluronidase (EC 3.2.1.35)		Streptomyces koyangensis	217
A0A1C5YG41	A0A1C5YG41_9CLOT	unreviewed	beta-galactosidase (EC 3.2.1.23)	uidA_2 SAMEA3545339_03359	uncultured Clostridium sp	585
A0A1D6QTZ9	A0A1D6QTZ9_MAIZE	unreviewed	Beta-amylase (EC 3.2.1.2)	ZEAMMB73_Zm00001d053975	Zea mays (Maize)	584
A0A1L1QK16	A0A1L1QK16_9ACTN	unreviewed	Beta-1,4-mannanase (EC 3.2.1.78)		Streptomyces sp. NRRL B-16215	168
A0A1P8VKA0	A0A1P8VKA0_9BACL	unreviewed	Beta-glucosidase (EC 3.2.1.21)		Paenibacillus barengoltzii	932
A0A1S4NYE2	A0A1S4NYE2_9BACL	unreviewed	Beta-1,3-glucanase (EC 3.2.1.39)		Paenibacillus barengoltzii	424
A0A1Y4JW59	A0A1Y4JW59_9BACE	unreviewed	Poly(Beta-D-mannuronate) lyase	B5F24_03600	Bacteroides clarus	757
A0A218KCJ1	A0A218KCJ1_9CAUD	unreviewed	lysozyme (EC 3.2.1.17)	PBC5_032	Bacillus phage PBC5	339
A0A221ZS22	A0A221ZS22_OSTFU	unreviewed	Group II chitinase (EC 3.2.1.14)		Ostrinia furnacalis (Asian corn borer)	2929
A0A286RCT9	A0A286RCT9_9BACT	unreviewed	Endoglucanase (EC 3.2.1.4)	THTE_1171	Thermogutta terrifontis	531
A0A290U7C4	ROQ1_NICBE	reviewed	Disease resistance protein Roq1 (2' cyclic ADP-D-ribose synthase) (2'cADPR synthase Roq1) (EC 3.2.2.-) (NAD(+) hydrolase RPV1) (EC 3.2.2.6) (Recognition of XopQ 1 protein)	ROQ1	Nicotiana benthamiana	1306
A0A2N0UU23	A0A2N0UU23_9FIRM	unreviewed	Pullulanase (EC 3.2.1.41)	pulA_2 RBL236_00821	Ruminococcus bromii	1059
A0A2N0UXJ4	A0A2N0UXJ4_9FIRM	unreviewed	Alpha-amylase (EC 3.2.1.1)	RBL236_00453	Ruminococcus bromii	551
A0A384E148	A0A384E148_NICBE	unreviewed	Alpha-galactosidase (EC 3.2.1.22) (Melibiase)		Nicotiana benthamiana	363
A0A399DY85	A0A399DY85_9DEIN	unreviewed	Endoglucanase H (EC 3.2.1.4)	celH Mcate_01854	Meiothermus taiwanensis	470
A0A482A9N4	A0A482A9N4_TALVE	unreviewed	Endo-beta-1,4-glucanase D (Endoglucanase D) (EC 3.2.1.4) (Carboxymethylcellulase D) (Cellulase D)	lpmo1	Talaromyces verruculosus (Penicillium verruculosum)	328
A0A482G4C5	A0A482G4C5_9BACL	unreviewed	Beta-N-acetylglucosaminidase (EC 3.2.1.52)		Paenibacillus barengoltzii	345
A0A4V8GZQ7	A0A4V8GZQ7_9FIRM	unreviewed	Glycoside hydrolase WP_045175321 (EC 3.2.1.-)		Caldicellulosiruptor danielii	27
A0A4V8H013	A0A4V8H013_TALFU	unreviewed	Endo-beta-1,2-glucanase (EC 3.2.1.71)		Talaromyces funiculosus (Fruitlet core rot fungus) (Penicillium funiculosum)	449
A0A516RTC5	A0A516RTC5_9FLAO	unreviewed	Beta-agarase (EC 3.2.1.81)	Aga86A	Wenyingzhuangia sp. OF219	735
A0A5S8WF56	A0A5S8WF56_9BACL	unreviewed	GH3 beta-N-acetylglucosaminidase (EC 3.2.1.52)		Paenibacillaceae	535
A0A5S8WFA6	A0A5S8WFA6_9BACT	unreviewed	Exosialidase from uncultured bacterium pG7 (EC 3.2.1.18)		uncultured bacterium pG7	511
A0A650AJ72	A0A650AJ72_9GAMM	unreviewed	Endochitinase Chi23 (EC 3.2.1.14)	chi23	Pseudoalteromonas aurantia	280
A0A6B9HEB8	A0A6B9HEB8_NIACI	unreviewed	Endo-alpha-1,6-D-mannanase (EC 3.2.1.101)	enm	Niallia circulans (Bacillus circulans)	1084
A0A6M5K904	A0A6M5K904_NIACI	unreviewed	beta-galactosidase (EC 3.2.1.23)		Niallia circulans (Bacillus circulans)	1396
A0A6N3BKT0	A0A6N3BKT0_RUMGN	unreviewed	Beta-L-arabinobiosidase (EC 3.2.1.187)	hypBA2 RGLFYP19_01198	Ruminococcus gnavus	1915
A0A7S6G7I6	A0A7S6G7I6_9PEZI	unreviewed	Lysozyme (EC 3.2.1.17)		Trichobolus zukalii	225
A0A856TAI5	A0A856TAI5_9BASI	unreviewed	Beta-fructofuranosidase (EC 3.2.1.26)	INV	Rhodotorula dairenensis	675
A0A8X6EH14	A0A8X6EH14_9BACT	unreviewed	Xylan alpha-1,2-glucuronidase (EC 3.2.1.131)		uncultured bacterium	841
A0A915Q9D1	A0A915Q9D1_9PEZI	unreviewed	Glycoside hydrolase family 12 beta-1,3-1,4-glucanase (EC 3.2.1.73)		Chaetomium sp	227
A0KGU9	A0KGU9_AERHH	unreviewed	MTA/SAH nucleosidase (EC 3.2.2.16, EC 3.2.2.9)	mtnN-1 AHA_0953	Aeromonas hydrophila subsp. hydrophila (strain ATCC 7966 / DSM 30187 / BCRC 13018 / CCUG 14551 / JCM 1027 / KCTC 2358 / NCIMB 9240 / NCTC 8049)	257
A0QP43	A0QP43_MYCS2	unreviewed	Type-4 uracil-DNA glycosylase (EC 3.2.2.27)	MSMEG_0265	Mycolicibacterium smegmatis (strain ATCC 700084 / mc(2)155) (Mycobacterium smegmatis)	209
A1E266	A1E266_9PEZI	unreviewed	Endopolygalacturonase (EC 3.2.1.15)	Pg1	Colletotrichum lupini var. setosum (nom. inval.)	362
A1RBZ5	A1RBZ5_PAEAT	unreviewed	Beta-N-acetylhexosaminidase (EC 3.2.1.52)	nahA AAur_4089	Paenarthrobacter aurescens (strain TC1)	540
A1Z1Q3	MACD2_HUMAN	reviewed	ADP-ribose glycohydrolase MACROD2 (MACRO domain-containing protein 2) (O-acetyl-ADP-ribose deacetylase MACROD2) (EC 3.5.1.-) ([Protein ADP-ribosylaspartate] hydrolase MACROD2) (EC 3.2.2.-) ([Protein ADP-ribosylglutamate] hydrolase MACROD2) (EC 3.2.2.-)	MACROD2 C20orf133	Homo sapiens (Human)	425
A2QTU5	XYLA_ASPNC	reviewed	Alpha-xylosidase A (EC 3.2.1.177)	axlA An09g03300	Aspergillus niger (strain ATCC MYA-4892 / CBS 513.88 / FGSC A1513)	736
A2RM80	A2RM80_LACLM	unreviewed	Alpha-xylosidase (EC 3.2.1.-)	xylS llmg_1836	Lactococcus lactis subsp. cremoris (strain MG1363)	739
A3DBX3	GUB_ACET2	reviewed	Beta-glucanase (EC 3.2.1.73) (1,3-1,4-beta-D-glucan 4-glucanohydrolase) (Endo-beta-1,3-1,4 glucanase) (Laminarinase) (Lichenase)	licB lam1 Cthe_0211	Acetivibrio thermocellus (strain ATCC 27405 / DSM 1237 / JCM 9322 / NBRC 103400 / NCIMB 10682 / NRRL B-4536 / VPI 7372) (Clostridium thermocellum)	334
A3DC29	GUNA_ACET2	reviewed	Endoglucanase A (EGA) (EC 3.2.1.4) (Cellulase A) (Endo-1,4-beta-glucanase)	celA Cthe_0269	Acetivibrio thermocellus (strain ATCC 27405 / DSM 1237 / JCM 9322 / NBRC 103400 / NCIMB 10682 / NRRL B-4536 / VPI 7372) (Clostridium thermocellum)	477
A3DCH2	A3DCH2_ACET2	unreviewed	Glucanase (EC 3.2.1.-)	Cthe_0413	Acetivibrio thermocellus (strain ATCC 27405 / DSM 1237 / JCM 9322 / NBRC 103400 / NCIMB 10682 / NRRL B-4536 / VPI 7372) (Clostridium thermocellum)	1224
A3DCY5	A3DCY5_ACET2	unreviewed	Glucanase (EC 3.2.1.-)	Cthe_0578	Acetivibrio thermocellus (strain ATCC 27405 / DSM 1237 / JCM 9322 / NBRC 103400 / NCIMB 10682 / NRRL B-4536 / VPI 7372) (Clostridium thermocellum)	736
A3DD66	ENG1_ACET2	reviewed	Glucan endo-1,3-beta-D-glucosidase (Endo-1,3-beta-glucanase) (EC 3.2.1.39) (CtLam81A) (Laminarinase)	Lam81A Cthe_0660	Acetivibrio thermocellus (strain ATCC 27405 / DSM 1237 / JCM 9322 / NBRC 103400 / NCIMB 10682 / NRRL B-4536 / VPI 7372) (Clostridium thermocellum)	773
A4FNP6	A4FNP6_SACEN	unreviewed	Beta-glucosidase (Glucan 1,4-beta-glucosidase (EC 3.2.1.74))	celD SACE_6502 A8924_6851	Saccharopolyspora erythraea (strain ATCC 11635 / DSM 40517 / JCM 4748 / NBRC 13426 / NCIMB 8594 / NRRL 2338)	615
A4Q8F7	GH109_ELIME	reviewed	Alpha-N-acetylgalactosaminidase (EC 3.2.1.49) (Glycosyl hydrolase family 109 protein)	nagA	Elizabethkingia meningoseptica (Chryseobacterium meningosepticum)	444
A4XHB2	A4XHB2_CALS8	unreviewed	Cellulase (EC 3.2.1.4)	Csac_0678	Caldicellulosiruptor saccharolyticus (strain ATCC 43494 / DSM 8903 / Tp8T 6331)	756
A5FB64	A5FB64_FLAJ1	unreviewed	Beta-N-acetylglucosaminidase-like protein Glycoside hydrolase family 20 (EC 3.2.1.52)	Fjoh_4556	Flavobacterium johnsoniae (strain ATCC 17061 / DSM 2064 / JCM 8514 / NBRC 14942 / NCIMB 11054 / UW101) (Cytophaga johnsonae)	688
A5IKC8	A5IKC8_THEP1	unreviewed	Alpha-N-arabinofuranosidase (EC 3.2.1.55)	Tpet_0631	Thermotoga petrophila (strain ATCC BAA-488 / DSM 13995 / JCM 10881 / RKU-1)	484
A5IMX7	A5IMX7_THEP1	unreviewed	mannan endo-1,4-beta-mannosidase (EC 3.2.1.78)	Tpet_1542	Thermotoga petrophila (strain ATCC BAA-488 / DSM 13995 / JCM 10881 / RKU-1)	667
A6LGF6	SOPH_PARD8	reviewed	Exo beta-1,2-glucooligosaccharide sophorohydrolase (non-reducing end) (EC 3.2.1.214) (2-beta-D-glucooligosaccharide sophorohydrolase (non-reducing end)) (Beta-1,2-glucanase)	BDI_3064	Parabacteroides distasonis (strain ATCC 8503 / DSM 20701 / CIP 104284 / JCM 5825 / NCTC 11152)	721
A7AB45	A7AB45_9BACT	unreviewed	Pectate lyase superfamily protein domain-containing protein	PARMER_00599	Parabacteroides merdae ATCC 43184	250
A7LXT0	GH31A_BACO1	reviewed	Alpha-xylosidase BoGH31A (EC 3.2.1.177) (Glycosyl hydrolase family protein 31A) (BoGH31A)	BACOVA_02646	Bacteroides ovatus (strain ATCC 8483 / DSM 1896 / JCM 5824 / BCRC 10623 / CCUG 4943 / NCTC 11153)	954
B0KBZ7	B0KBZ7_THEP3	unreviewed	Dextranase (EC 3.2.1.11)	Teth39_0264	Thermoanaerobacter pseudethanolicus (strain ATCC 33223 / 39E) (Clostridium thermohydrosulfuricum)	610
B2IUW9	B2IUW9_NOSP7	unreviewed	Alpha amylase, catalytic region (EC 3.2.1.54)	Npun_R6073	Nostoc punctiforme (strain ATCC 29133 / PCC 73102)	488
B2UPR7	H2136_AKKM8	reviewed	Beta-hexosaminidase Amuc_2136 (EC 3.2.1.52) (Beta-N-acetylhexosaminidase Am2136)	Amuc_2136	Akkermansia muciniphila (strain ATCC BAA-835 / DSM 22959 / JCM 33894 / BCRC 81048 / CCUG 64013 / CIP 107961 / Muc)	756
B3PD52	B3PD52_CELJU	unreviewed	Cellulase, putative, cel5D (EC 3.2.1.4)	cel5D CJA_3010	Cellvibrio japonicus (strain Ueda107) (Pseudomonas fluorescens subsp. cellulosa)	468
B3PKK9	B3PKK9_CELJU	unreviewed	Endo-1,4-beta-glucanase/xyloglucanase, putative, gly74A (EC 3.2.1.-)	gly74A CJA_2477	Cellvibrio japonicus (strain Ueda107) (Pseudomonas fluorescens subsp. cellulosa)	1017
B3TLD6	LNBB_BIFB1	reviewed	Lacto-N-biosidase (LNBase) (EC 3.2.1.140)	lnbB	Bifidobacterium bifidum (strain DSM 20082 / JCM 1254 / BCRC 11844 / KCTC 3440 / E319f (Variant a))	1112
B5CY96	PORA_PHOPM	reviewed	Beta-porphyranase A (EC 3.2.1.178) (Glycosyl hydrolase 86 family protein A) (GH86A)	BACPLE_01693	Phocaeicola plebeius (strain DSM 17135 / JCM 12973 / M2) (Bacteroides plebeius)	728
B5YC64	B5YC64_DICT6	unreviewed	alpha-L-rhamnosidase (EC 3.2.1.40)	DICTH_0289	Dictyoglomus thermophilum (strain ATCC 35947 / DSM 3960 / H-6-12)	921
B6A876	CHI1_YERET	reviewed	Chitinase 1 (EC 3.2.1.14)	chi1	Yersinia entomophaga	542
B6D7J9	B6D7J9_9CAUD	unreviewed	lysozyme (EC 3.2.1.17)		Listeria phage P40	344
B8CZ54	B8CZ54_HALOH	unreviewed	Alpha amylase (EC 3.2.1.98)	Hore_18240	Halothermothrix orenii (strain H 168 / OCM 544 / DSM 9562)	623
B8ZY56	B8ZY56_GIBZA	unreviewed	Exo-1,5-alpha-L-arabinofuranobiosidase (EC 3.2.1.55)	arb93a	Gibberella zeae (Wheat head blight fungus) (Fusarium graminearum)	365
C0LT34	C0LT34_9INFB	unreviewed	Neuraminidase (EC 3.2.1.18)	NA	Influenza B virus (B/Brisbane/60/2008)	466
C0MAL8	THSA_STRE4	reviewed	NAD(+) hydrolase ThsA (NADase ThsA) (SeThsA) (EC 3.2.2.5)	thsA SEQ_0761	Streptococcus equi subsp. equi (strain 4047)	473
C5A758	C5A758_THEGJ	unreviewed	Amylo-alpha-1,6-glucosidase, putative archaeal type glycogen debranching enzyme (Gde) (EC 3.2.1.33)	gde TGAM_1568	Thermococcus gammatolerans (strain DSM 15229 / JCM 11827 / EJ3)	620
C7R4I0	C7R4I0_JONDD	unreviewed	Chitinase (EC 3.2.1.14)	Jden_1381	Jonesia denitrificans (strain ATCC 14870 / DSM 20603 / BCRC 15368 / CIP 55.134 / JCM 11481 / NBRC 15587 / NCTC 10816 / Prevot 55134) (Listeria denitrificans)	651
D1C7A6	QNG1_SPHTD	reviewed	Queuosine 5'-phosphate N-glycosylase/hydrolase (EC 3.2.2.-) (Queuine salvage protein Qng1) (Queuosine-nucleotide N-glycosylase/hydrolase)	Sthe_2331; qng1	Sphaerobacter thermophilus (strain DSM 20745 / S 6022)	323
D1L2W4	TUBE1_BPK32	reviewed	Tail tubular protein A (TTPA) (Depolymerase) (EC 3.2.1.-) (Gene product 31) (gp31)	31	Klebsiella phage KP32 (Bacteriophage KP32)	192
D2PPM7	AIMA_KRIFD	reviewed	1,3-alpha-isomaltosidase (EC 3.2.1.204)	Kfla_1895	Kribbella flavida (strain DSM 17836 / JCM 10339 / NBRC 14399)	723
D2PPM8	IMGH_KRIFD	reviewed	Isomaltose glucohydrolase (EC 3.2.1.205)	Kfla_1896	Kribbella flavida (strain DSM 17836 / JCM 10339 / NBRC 14399)	385
D4QAP5	D4QAP5_BIFBI	unreviewed	Beta-N-acetylhexosaminidase (EC 3.2.1.52) (Beta-n-acetylhexosaminidase NagZ)	bbhII B0085_1802	Bifidobacterium bifidum	1060
D7GXF9	PORB_ZOBGA	reviewed	Beta-porphyranase B (EC 3.2.1.178)	porB zobellia_1017	Zobellia galactanivorans (strain DSM 12802 / CCUG 47099 / CIP 106680 / NCIMB 13871 / Dsij)	293
D7GXG4	AGAD_ZOBGA	reviewed	Beta-agarase D (EC 3.2.1.81)	agaD zobellia_4243	Zobellia galactanivorans (strain DSM 12802 / CCUG 47099 / CIP 106680 / NCIMB 13871 / Dsij)	477
D7GXG5	AGAC_ZOBGA	reviewed	Beta-agarase C (EC 3.2.1.81)	agaC zobellia_4267	Zobellia galactanivorans (strain DSM 12802 / CCUG 47099 / CIP 106680 / NCIMB 13871 / Dsij)	328
D9IEF7	D9IEF7_BPT4	unreviewed	Endolysin (EC 3.2.1.17) (Lysis protein) (Lysozyme) (Muramidase)	e T4Tp126	Enterobacteria phage T4 (Bacteriophage T4)	164
D9ISE0	D9ISE0_VIBHA	unreviewed	beta-N-acetylhexosaminidase (EC 3.2.1.52) (Beta-N-acetylhexosaminidase) (N-acetyl-beta-glucosaminidase)		Vibrio harveyi (Beneckea harveyi)	642
D9SV64	D9SV64_CLOC7	unreviewed	Cellulase (EC 3.2.1.4)	Clocel_3359	Clostridium cellulovorans (strain ATCC 35296 / DSM 3052 / OCM 3 / 743B)	1067
D9ZNF3	D9ZNF3_9CAUD	unreviewed	lysozyme (EC 3.2.1.17)	phiCTP1_gp29	Clostridium phage phiCTP1	274
E0RYY0	E0RYY0_BUTPB	unreviewed	Xylosidase/arabinofuranosidase Xsa43E (EC 3.2.1.37)	xsa43E bpr_I2319	Butyrivibrio proteoclasticus (strain ATCC 51982 / DSM 14932 / B316) (Clostridium proteoclasticum)	313
E0SSW8	E0SSW8_IGNAA	unreviewed	Arabinogalactan endo-1,4-beta-galactosidase (EC 3.2.1.89)	Igag_0688	Ignisphaera aggregans (strain DSM 17230 / JCM 13409 / AQ1.S1)	810
E0XN39	E0XN39_9EURO	unreviewed	Beta-1,3-1,4-glucanase (EC 3.2.1.73)		Paecilomyces sp. 'thermophila'	314
E1AXU1	E1AXU1_9PSED	unreviewed	Chitosanase (EC 3.2.1.132)	CHI	Pseudomonas sp. LL2(2010)	266
E2GHW2	E2GHW2_PODAS	unreviewed	GH26 endo-beta-1,4-mannanase (EC 3.2.1.78)		Podospora anserina (Pleurage anserina)	449
E2GHW5	E2GHW5_PODAS	unreviewed	Alpha-L-arabinofuranosidase (EC 3.2.1.55)		Podospora anserina (Pleurage anserina)	337
E2NM07	E2NM07_9BACE	unreviewed	Poly(Beta-D-mannuronate) lyase	BACCELL_05351	Bacteroides cellulosilyticus DSM 14838	465
E3PQQ9	E3PQQ9_PANTH	unreviewed	Alpha-L-fucosidase (EC 3.2.1.51)	aLfuk1 NCTC11027_02066	Paenibacillus thiaminolyticus (Bacillus thiaminolyticus)	426
E8MGH8	HYBA1_BIFL2	reviewed	Non-reducing end beta-L-arabinofuranosidase (EC 3.2.1.185) (Beta-L-arabinofuranosidase) (Beta-AFase)	hypBA1 BLLJ_0211	Bifidobacterium longum subsp. longum (strain ATCC 15707 / DSM 20219 / JCM 1217 / NCTC 11818 / E194b)	658
E8MGH9	HYBA2_BIFL2	reviewed	Beta-L-arabinobiosidase (EC 3.2.1.187) (Arabinofuranosyl(3)-Hyp beta-L-arabinobiosidase)	hypBA2 BLLJ_0212	Bifidobacterium longum subsp. longum (strain ATCC 15707 / DSM 20219 / JCM 1217 / NCTC 11818 / E194b)	1943
E8RMG8	E8RMG8_ASTEC	unreviewed	Lysozyme (EC 3.2.1.17)	Astex_1112	Asticcacaulis excentricus (strain ATCC 15261 / DSM 4724 / KCTC 12464 / NCIMB 9791 / VKM B-1370 / CB 48)	810
F0R2T3	F0R2T3_PHOSB	unreviewed	Cellulase (EC 3.2.1.4)	Bacsa_0886	Phocaeicola salanitronis (strain DSM 18170 / JCM 13657 / BL78) (Bacteroides salanitronis)	592
F0V1E2	F0V1E2_ZOBGA	unreviewed	Conserved hypothetical periplasmic protein (Glycoside hydrolase (EC 3.2.1.-))	zobellia_3615	Zobellia galactanivorans (strain DSM 12802 / CCUG 47099 / CIP 106680 / NCIMB 13871 / Dsij)	414
F0V1E3	F0V1E3_ZOBGA	unreviewed	3,6-anhydro-alpha-L-galactosidase (EC 3.2.1.159)	ahgA Zg4663 zobellia_4663	Zobellia galactanivorans (strain DSM 12802 / CCUG 47099 / CIP 106680 / NCIMB 13871 / Dsij)	408
F1TBY8	F1TBY8_9FIRM	unreviewed	cellulase (EC 3.2.1.4)	Cpap_2855	Ruminiclostridium papyrosolvens DSM 2782	628
F5HR99	F5HR99_9ACTN	unreviewed	Endoglucanase (EC 3.2.1.4)		Streptomyces thermolilacinus	561
F6BL85	F6BL85_THEXL	unreviewed	Glucosylceramidase (EC 3.2.1.45)	Thexy_2211	Thermoanaerobacterium xylanolyticum (strain ATCC 49914 / DSM 7097 / LX-11)	806
F8TRX0	F8TRX0_GEOSE	unreviewed	Beta-galactosidase (Beta-gal) (EC 3.2.1.23)	ganB	Geobacillus stearothermophilus (Bacillus stearothermophilus)	686
F9USZ1	F9USZ1_LACPL	unreviewed	Alpha-amylase, maltodextrins and cyclomaltodextrins (EC 3.2.1.1)	malS lp_0179	Lactiplantibacillus plantarum (strain ATCC BAA-793 / NCIMB 8826 / WCFS1) (Lactobacillus plantarum)	440
G0L2L9	G0L2L9_ZOBGA	unreviewed	Endo-1,3-beta-glucanase, family GH16 (EC 3.2.1.39)	lamC zobellia_1010	Zobellia galactanivorans (strain DSM 12802 / CCUG 47099 / CIP 106680 / NCIMB 13871 / Dsij)	482
G0L322	AGAA_ZOBGA	reviewed	Beta-agarase A (EC 3.2.1.81) [Cleaved into: Beta-agarase A catalytic chain (AgaAc)]	agaA zobellia_4203	Zobellia galactanivorans (strain DSM 12802 / CCUG 47099 / CIP 106680 / NCIMB 13871 / Dsij)	539
G0L5X4	G0L5X4_ZOBGA	unreviewed	Endo-1,3-beta-glucanase, family GH16 (EC 3.2.1.39)	lamA zobellia_2431	Zobellia galactanivorans (strain DSM 12802 / CCUG 47099 / CIP 106680 / NCIMB 13871 / Dsij)	383
G0S3F2	G0S3F2_CHATD	unreviewed	Mannan endo-1,6-alpha-mannosidase (EC 3.2.1.101)	CTHT_0020800	Chaetomium thermophilum (strain DSM 1495 / CBS 144.50 / IMI 039719) (Thermochaetoides thermophila)	474
G0SFD1	G0SFD1_CHATD	unreviewed	Mannosyl-oligosaccharide glucosidase (EC 3.2.1.106)	CTHT_0061620	Chaetomium thermophilum (strain DSM 1495 / CBS 144.50 / IMI 039719) (Thermochaetoides thermophila)	831
G1ED17	G1ED17_CELCE	unreviewed	Beta-1,3-glucanase (EC 3.2.1.39)		Cellulosimicrobium cellulans (Arthrobacter luteus)	435
G1UB44	MELA_LACAC	reviewed	Alpha-galactosidase Mel36A (LaMel36A) (EC 3.2.1.22)	melA aga LBA1438	Lactobacillus acidophilus (strain ATCC 700396 / NCK56 / N2 / NCFM)	732
G2NFJ9	LAM55_STREK	reviewed	Exo-beta-1,3-glucanase (EC 3.2.1.58) (Glucan 1,3-beta-glucosidase) (Laminarinase) (SacteLam55A)	SACTE_4363	Streptomyces sp. (strain SirexAA-E / ActE)	605
G3JPF7	G3JPF7_CORMM	unreviewed	Chitinase	CCM_08020	Cordyceps militaris (strain CM01) (Caterpillar fungus)	315
G4FEF4	AGAL_THEMA	reviewed	Alpha-galactosidase (EC 3.2.1.22) (Melibiase)	galA TM_1192 Tmari_1199	Thermotoga maritima (strain ATCC 43589 / DSM 3109 / JCM 10099 / NBRC 100826 / MSB8)	552
G4T4R7	AGASK_RUMGN	reviewed	Bifunctional alpha-galactosidase/sucrose kinase AgaSK [Includes: Alpha-galactosidase (EC 3.2.1.22) (Melibiase); Sucrose kinase (EC 2.7.-.-)]	agaSK RUGNEv3_61222	Ruminococcus gnavus	935
G5ELM1	G5ELM1_BIFBI	unreviewed	Alpha-N-acetylgalactosaminidase (EC 3.2.1.-)	nagBb	Bifidobacterium bifidum	634
G8JZS4	SUSB_BACTN	reviewed	Glucan 1,4-alpha-glucosidase SusB (EC 3.2.1.3) (Alpha-glucosidase SusB) (Glucoamylase SusB) (Starch-utilization system protein B)	susB BT_3703	Bacteroides thetaiotaomicron (strain ATCC 29148 / DSM 2079 / JCM 5827 / CCUG 10774 / NCTC 10582 / VPI-5482 / E50)	738
G9BEX6	G9BEX6_PRIMG	unreviewed	Soluble epoxide hydrolase (EC 3.2.2.10)		Priestia megaterium (Bacillus megaterium)	287
H3SPM3	H3SPM3_9BACL	unreviewed	Chitosanase (EC 3.2.1.132)	PDENDC454_27668	Paenibacillus dendritiformis C454	299
H6QM75	H6QM75_I09A8	unreviewed	Neuraminidase (EC 3.2.1.18)	NA	Influenza A virus (strain A/little yellow-shouldered bat/Guatemala/153/2009(H17N10))	442
H9KVH3	H9KVH3_9BACL	unreviewed	cellulase (EC 3.2.1.4)		Paenibacillus pabuli	395
I1SB08	I1SB08_HETAN	unreviewed	Glucanase (EC 3.2.1.-)		Heterobasidion annosum (Root rot fungus) (Polyporus annosus)	440
I2FI81	I2FI81_EISFE	unreviewed	Endoglucanase (EC 3.2.1.4)	EF-EG2	Eisenia fetida (Red wiggler worm)	456
I6L8L7	I6L8L7_TETTH	unreviewed	poly(ADP-ribose) glycohydrolase (EC 3.2.1.143)		Tetrahymena thermophila	457
I6XEI5	LYS25_MYCTU	reviewed	Putative peptidoglycan hydrolase Rv2525c (EC 3.2.1.17)	Rv2525c LH57_13835	Mycobacterium tuberculosis (strain ATCC 25618 / H37Rv)	240
I7HXG2	I7HXG2_9CAUD	unreviewed	Phi92_gp143 (EC 3.2.1.129)	PHI92_gene_143 PHI92_143	Escherichia phage phi92	918
J8G8J6	THSB1_BACCS	reviewed	Putative cyclic ADP-D-ribose synthase ThsB1 (Putative cADPR synthase ThsB1) (EC 3.2.2.-) (Thoeris protein ThsB)	thsB1 thsB II9_05449	Bacillus cereus (strain MSX-D12)	192
J9UN47	J9UN47_GIBZA	unreviewed	alpha-L-fucosidase (EC 3.2.1.51)	FCO1 MDCFG593_LOCUS224985	Gibberella zeae (Wheat head blight fungus) (Fusarium graminearum)	609
K2PFJ6	DARTG_THEA7	reviewed	DNA ADP-ribosyl transferase-DNA ADP-ribosyl glycohydrolase fusion protein (DarTG) (EC 2.4.2.-) (EC 3.2.2.-)	darTG H17ap60334_07413	Thermosipho africanus (strain H17ap60334)	388
K5BDL0	GGH_MYCHD	reviewed	Glucosylglycerate hydrolase (GG hydrolase) (EC 3.2.1.208)	ggh C731_0006	Mycolicibacterium hassiacum (strain DSM 44199 / CIP 105218 / JCM 12690 / 3849) (Mycobacterium hassiacum)	446
L0N7E5	L0N7E5_BETVU	unreviewed	Alpha-glucosidase (EC 3.2.1.20)	Agl	Beta vulgaris (Sugar beet)	913
L7N6B0	LPQI_MYCTU	reviewed	Beta-hexosaminidase LpqI (EC 3.2.1.52) (Beta-N-acetylglucosaminidase) (Beta-N-acetylhexosaminidase)	lpqI Rv0237	Mycobacterium tuberculosis (strain ATCC 25618 / H37Rv)	388
L7P9J4	UH105_NONUL	reviewed	Unsaturated 3S-rhamnoglycuronyl hydrolase (EC 3.2.1.-) (Ulvan hydrolase) (Unsaturated beta-glucuronyl hydrolase) (UGL)	IL45_01505	Nonlabens ulvanivorans (Persicivirga ulvanivorans)	377
L7SVX1	L7SVX1_RHIMI	unreviewed	mannan endo-1,4-beta-mannosidase (EC 3.2.1.78)	Man5A	Rhizomucor miehei	378
M1E1E9	M1E1E9_CELCE	unreviewed	Ccman5 (EC 3.2.1.24)		Cellulosimicrobium cellulans (Arthrobacter luteus)	748
O05442	CPNT_MYCTU	reviewed	Outer membrane channel protein CpnT (Channel protein with necrosis-inducing toxin) [Cleaved into: N-terminal channel domain; Tuberculosis necrotizing toxin (TNT) (NAD(+) glycohydrolase) (EC 3.2.2.5)]	cpnT Rv3903c	Mycobacterium tuberculosis (strain ATCC 25618 / H37Rv)	846
O05495	YDHD_BACSU	reviewed	Putative sporulation-specific glycosylase YdhD (EC 3.2.-.-)	ydhD BSU05710	Bacillus subtilis (strain 168)	420
O06496	O06496_CLOPF	unreviewed	Cortical-lytic enzyme (Muramidase (EC 3.2.1.17))	sleM acm CYK96_10900 G6Z34_02365 NCTC10578_01557 NCTC10719_02777 NCTC3182_02747	Clostridium perfringens	321
O15527	OGG1_HUMAN	reviewed	N-glycosylase/DNA lyase [Includes: 8-oxoguanine DNA glycosylase (EC 3.2.2.-); DNA-(apurinic or apyrimidinic site) lyase (AP lyase) (EC 4.2.99.18)]	OGG1 MMH MUTM OGH1	Homo sapiens (Human)	345
O28751	Y1521_ARCFU	reviewed	ADP-ribose glycohydrolase AF_1521 ([Protein ADP-ribosylaspartate] hydrolase AF_1521) (EC 3.2.2.-) ([Protein ADP-ribosylglutamate] hydrolase AF_1521) (EC 3.2.2.-)	AF_1521	Archaeoglobus fulgidus (strain ATCC 49558 / DSM 4304 / JCM 9628 / NBRC 100126 / VC-16)	192
O33840	PULA_THEMA	reviewed	Pullulanase (EC 3.2.1.41) (Alpha-dextrin endo-1,6-alpha-glucosidase) (Pullulan 6-glucanohydrolase)	pulA TM_1845	Thermotoga maritima (strain ATCC 43589 / DSM 3109 / JCM 10099 / NBRC 100826 / MSB8)	843
O33853	O33853_RHOSO	unreviewed	Endoglycoceramidase II (EC 3.2.1.123)		Rhodococcus sp	490
O34559	URHG2_BACSU	reviewed	Unsaturated rhamnogalacturonyl hydrolase YteR (URH) (EC 3.2.1.172)	yteR BSU30120	Bacillus subtilis (strain 168)	373
O35820	DNPH1_RAT	reviewed	2'-deoxynucleoside 5'-phosphate N-hydrolase 1 (EC 3.2.2.-) (Deoxyribonucleoside 5'-monophosphate N-glycosidase) (c-Myc-responsive protein Rcl)	Dnph1 Rcl	Rattus norvegicus (Rat)	163
O43451	MGA_HUMAN	reviewed	Maltase-glucoamylase (Alpha-1,4-glucosidase) (EC 3.2.1.20)	MGAM MGA MGAML	Homo sapiens (Human)	2753
O44049	O44049_TRYRA	unreviewed	Sialidase (EC 3.2.1.18)		Trypanosoma rangeli	660
O50152	O50152_STRGR	unreviewed	Chitinase C (EC 3.2.1.14)	chiC NCTC13033_02762	Streptomyces griseus	294
O53605	DARG_MYCTU	reviewed	DNA ADP-ribosyl glycohydrolase (DarG) (EC 3.2.2.-) (Antitoxin DarG)	darG Rv0060	Mycobacterium tuberculosis (strain ATCC 25618 / H37Rv)	352
O54161	EABF_STRCO	reviewed	Extracellular exo-alpha-L-arabinofuranosidase (ABF) (EC 3.2.1.55) (Arabinosidase) (Arabinoxylan arabinofuranohydrolase)	abfB SCO5932 SC7H1.02	Streptomyces coelicolor (strain ATCC BAA-471 / A3(2) / M145)	475
O60502	OGA_HUMAN	reviewed	Protein O-GlcNAcase (OGA) (EC 3.2.1.169) (Beta-N-acetylglucosaminidase) (Beta-N-acetylhexosaminidase) (Beta-hexosaminidase) (Meningioma-expressed antigen 5) (N-acetyl-beta-D-glucosaminidase) (N-acetyl-beta-glucosaminidase) (Nuclear cytoplasmic O-GlcNAcase and acetyltransferase) (NCOAT)	OGA HEXC KIAA0679 MEA5 MGEA5	Homo sapiens (Human)	916
O69315	BGAL_THETH	reviewed	Beta-galactosidase (Beta-gal) (EC 3.2.1.23) (Lactase)		Thermus thermophilus	645
O74706	EGLB_ASPNG	reviewed	Endo-beta-1,4-glucanase B (Endoglucanase B) (EC 3.2.1.4) (Carboxymethylcellulase B) (Cellulase B)	eglB eng1	Aspergillus niger	331
O80358	FPG_ARATH	reviewed	Formamidopyrimidine-DNA glycosylase (Fapy-DNA glycosylase) (EC 3.2.2.23) (EC 4.2.99.18) (DNA-(apurinic or apyrimidinic site) lyase FPG1) (Formamidopyrimidine-DNA glycosylase 1) (AtFPG-1) (Formamidopyrimidine-DNA glycosylase 2) (AtFPG-2) (Protein MutM homolog 1) (AtMMH-1) (Protein MutM homolog 2) (AtMMH-2)	FPG1 FPG2 At1g52500 F6D8.28	Arabidopsis thaliana (Mouse-ear cress)	390
O81100	O81100_SOLLC	unreviewed	Beta-galactosidase (EC 3.2.1.23)	TBG4	Solanum lycopersicum (Tomato) (Lycopersicon esculentum)	724
P00691	AMY_BACSU	reviewed	Alpha-amylase (EC 3.2.1.1) (1,4-alpha-D-glucan glucanohydrolase)	amyE amyA BSU03040	Bacillus subtilis (strain 168)	659
P00719	LYG_STRCA	reviewed	Lysozyme g (EC 3.2.1.17) (1,4-beta-N-acetylmuramidase) (Goose-type lysozyme)		Struthio camelus (Common ostrich)	204
P04067	EBAG_STRPL	reviewed	Endo-beta-N-acetylglucosaminidase H (EC 3.2.1.96) (DI-N-acetylchitobiosyl beta-N-acetylglucosaminidase H) (Endoglycosidase H) (Endo H) (Mannosyl-glycoprotein endo-beta-N-acetyl-glucosaminidase H)		Streptomyces plicatus	313
P04395	3MG2_ECOLI	reviewed	DNA-3-methyladenine glycosylase 2 (EC 3.2.2.21) (3-methyladenine-DNA glycosylase II, inducible) (TAG II) (DNA-3-methyladenine glycosidase II) (DNA-3-methyladenine glycosylase II)	alkA aidA b2068 JW2053	Escherichia coli (strain K12)	282
P04418	END5_BPT4	reviewed	Endonuclease V (EC 3.2.2.17) (DNA-(apurinic or apyrimidinic site) lyase) (AP lyase) (EC 4.2.99.18) (T4 pyrimidine dimer glycosylase) (T4-Pdg)		Enterobacteria phage T4 (Bacteriophage T4)	138
P04824	MEL1_YEASX	reviewed	Alpha-galactosidase 1 (EC 3.2.1.22) (Alpha-D-galactoside galactohydrolase 1) (Melibiase 1)	MEL1	Saccharomyces cerevisiae (Baker's yeast)	471
P05523	FPG_ECOLI	reviewed	Formamidopyrimidine-DNA glycosylase (Fapy-DNA glycosylase) (EC 3.2.2.23) (DNA-(apurinic or apyrimidinic site) lyase MutM) (AP lyase MutM) (EC 4.2.99.18)	mutM fpg b3635 JW3610	Escherichia coli (strain K12)	269
P05656	SACC_BACSU	reviewed	Levanase (EC 3.2.1.80) (Beta-D-fructofuranosidase) (Exo-beta-D-fructosidase) (Exo-levanase)	sacC BSU27030	Bacillus subtilis (strain 168)	677
P06564	GUN_HALA3	reviewed	Endoglucanase (EC 3.2.1.4) (Alkaline cellulase) (Endo-1,4-beta-glucanase)		Halalkalibacter akibai (strain ATCC 43226 / DSM 21942 / CIP 109018 / JCM 9157 / 1139) (Bacillus akibai)	800
P06865	HEXA_HUMAN	reviewed	Beta-hexosaminidase subunit alpha (EC 3.2.1.52) (Beta-N-acetylhexosaminidase subunit alpha) (Hexosaminidase subunit A) (N-acetyl-beta-glucosaminidase subunit alpha)	HEXA	Homo sapiens (Human)	529
P07982	GUN2_HYPJE	reviewed	Endoglucanase EG-II (EGII) (EC 3.2.1.4) (Cellulase) (Endo-1,4-beta-glucanase)	egl2	Hypocrea jecorina (Trichoderma reesei)	418
P08017	AMYG_SACFI	reviewed	Glucoamylase GLU1 (EC 3.2.1.3) (1,4-alpha-D-glucan glucohydrolase) (Glucan 1,4-alpha-glucosidase)	GLU1	Saccharomycopsis fibuligera (Yeast)	519
P09963	ENLYS_BPP22	reviewed	Endolysin (EC 3.2.1.17) (Lysis protein) (Lysozyme) (Muramidase)	19	Salmonella phage P22 (Bacteriophage P22)	146
P0A9H1	MUG_ECOLI	reviewed	G/U mismatch-specific DNA glycosylase (EC 3.2.2.28) (Double-strand-specific uracil glycosylase) (Mismatch-specific uracil DNA-glycosylase) (MUG)	mug ygjF b3068 JW3040	Escherichia coli (strain K12)	168
P0ADR8	PPNN_ECOLI	reviewed	Pyrimidine/purine nucleotide 5'-monophosphate nucleosidase (EC 3.2.2.-) (EC 3.2.2.10) (AMP nucleosidase) (EC 3.2.2.4) (CMP nucleosidase) (GMP nucleosidase) (IMP nucleosidase) (UMP nucleosidase) (dTMP nucleosidase)	ppnN ygdH b2795 JW2766	Escherichia coli (strain K12)	454
P0AE12	AMN_ECOLI	reviewed	AMP nucleosidase (EC 3.2.2.4)	amn b1982 JW1963	Escherichia coli (strain K12)	484
P0C2S1	CELK_ACETH	reviewed	Cellulose 1,4-beta-cellobiosidase (EC 3.2.1.91)	celK	Acetivibrio thermocellus (Hungateiclostridium thermocellum) (Clostridium thermocellum)	895
P0C2S3	GUNC_ACETH	reviewed	Endoglucanase C (EC 3.2.1.4) (Cellulase C) (Endo-1,4-beta-glucanase C) (EgC)	celC	Acetivibrio thermocellus (Hungateiclostridium thermocellum) (Clostridium thermocellum)	343
P0C6E9	NANH_VIBCH	reviewed	Sialidase (EC 3.2.1.18) (Neuraminidase) (NANase)	nanH VC_1784	Vibrio cholerae serotype O1 (strain ATCC 39315 / El Tor Inaba N16961)	781
P0DUE1	STING_CRAGI	reviewed	Stimulator of interferon genes protein (TIR-STING) (Probable NAD(+) hydrolase) (EC 3.2.2.6)		Crassostrea gigas (Pacific oyster) (Crassostrea angulata)	415
P0DW93	LNBX_BIFL2	reviewed	Lacto-N-biosidase (LNBase) (EC 3.2.1.140)	lnbX BLLJ_1505	Bifidobacterium longum subsp. longum (strain ATCC 15707 / DSM 20219 / JCM 1217 / NCTC 11818 / E194b)	1599
P10186	UNG_HHV11	reviewed	Uracil-DNA glycosylase (UDG) (EC 3.2.2.27) (UNG)	UL2	Human herpesvirus 1 (strain 17) (HHV-1) (Human herpes simplex virus 1)	334
P10342	ISOA_PSEAY	reviewed	Isoamylase (EC 3.2.1.68)	iam	Pseudomonas amyloderamosa	776
P10477	CELE_ACET2	reviewed	Cellulase/esterase CelE (CtCel5C-CE2) [Includes: Cellulase E (EC 3.2.1.4) (CtCel5C) (Endo-1,4-beta-glucanase E) (EGE) (Endoglucanase E); Acetylxylan esterase / glucomannan deacetylase (EC 3.1.1.-) (EC 3.1.1.72) (CtCE2)]	celE Cthe_0797	Acetivibrio thermocellus (strain ATCC 27405 / DSM 1237 / JCM 9322 / NBRC 103400 / NCIMB 10682 / NRRL B-4536 / VPI 7372) (Clostridium thermocellum)	814
P10537	AMYB_IPOBA	reviewed	Beta-amylase (EC 3.2.1.2) (1,4-alpha-D-glucan maltohydrolase)	BMY1 AMYB	Ipomoea batatas (Sweet potato) (Convolvulus batatas)	499
P11218	AGI_URTDI	reviewed	Lectin/endochitinase 1 (EC 3.2.1.14) (Agglutinin) (UDA) (chia5.1.1) [Cleaved into: Lectin 1]	UDA1	Urtica dioica (Great nettle) (Stinging nettle)	372
P11376	LYSC1_HORSE	reviewed	Lysozyme C, milk isozyme (EC 3.2.1.17) (1,4-beta-N-acetylmuramidase C)	LYZ	Equus caballus (Horse)	129
P11797	CHIB_SERMA	reviewed	Chitinase B (EC 3.2.1.14)	chiB	Serratia marcescens	499
P12257	GUB2_HORVU	reviewed	Lichenase-2 (EC 3.2.1.73) ((1->3,1->4)-beta-glucanase isoenzyme EII) (Endo-beta-1,3-1,4 glucanase II) (Lichenase II)		Hordeum vulgare (Barley)	312
P12528	FIBER_BPP22	reviewed	Tail spike protein (TSP) (Endo-1,3-alpha-L-rhamnosidase) (EC 3.2.1.-) (Endorhamnosidase) (Gene product 9) (gp9)	9	Salmonella phage P22 (Bacteriophage P22)	667
P12558	HN_NDVU	reviewed	Hemagglutinin-neuraminidase (EC 3.2.1.18)	HN	Newcastle disease virus (strain Chicken/Northern Ireland/Ulster/67) (NDV)	616
P12888	UNG_EBVB9	reviewed	Uracil-DNA glycosylase (UDG) (EC 3.2.2.27) (UNG)	UNG BKRF3	Epstein-Barr virus (strain B95-8) (HHV-4) (Human herpesvirus 4)	255
P13482	TREA_ECOLI	reviewed	Periplasmic trehalase (EC 3.2.1.28) (Alpha,alpha-trehalase) (Alpha,alpha-trehalose glucohydrolase) (Tre37A)	treA osmA b1197 JW1186	Escherichia coli (strain K12)	565
P13507	AMT4_STUST	reviewed	Glucan 1,4-alpha-maltotetraohydrolase (G4-amylase) (EC 3.2.1.60) (Exo-maltotetraohydrolase) (Maltotetraose-forming amylase) (Maltotetraose-forming exo-amylase)	amyP	Stutzerimonas stutzeri (Pseudomonas stutzeri)	548
P14002	BGLB_ACET2	reviewed	Thermostable beta-glucosidase B (EC 3.2.1.21) (Beta-D-glucoside glucohydrolase) (Cellobiase) (Gentiobiase)	bglB Cthe_1256	Acetivibrio thermocellus (strain ATCC 27405 / DSM 1237 / JCM 9322 / NBRC 103400 / NCIMB 10682 / NRRL B-4536 / VPI 7372) (Clostridium thermocellum)	755
P14090	GUNC_CELFA	reviewed	Endoglucanase C (EC 3.2.1.4) (Cellulase C) (Endo-1,4-beta-glucanase C)	cenC Celf_1537	Cellulomonas fimi (strain ATCC 484 / DSM 20113 / JCM 1341 / NBRC 15513 / NCIMB 8980 / NCTC 7547)	1101
P14300	DRAG_RHORU	reviewed	ADP-ribosyl-[dinitrogen reductase] glycohydrolase (ADP-ribosylglycohydrolase) (EC 3.2.2.24) (Dinitrogenase reductase-activating glycohydrolase) (Mono-ADP-ribosylhydrolase)	draG	Rhodospirillum rubrum	294
P14410	SUIS_HUMAN	reviewed	Sucrase-isomaltase, intestinal [Cleaved into: Sucrase (EC 3.2.1.48); Isomaltase (EC 3.2.1.10)]	SI	Homo sapiens (Human)	1827
P15057	LYS_BPCP1	reviewed	Lysozyme (EC 3.2.1.17) (CP-1 lysin) (Endolysin) (Muramidase)	CPL1 22	Streptococcus phage Cp-1 (Bacteriophage Cp-1)	339
P15132	GP13_BPPH2	reviewed	Morphogenesis protein 1 (Gene product 13) (gp13) (Protein p13) [Includes: Lysozyme-like glycosidase (EC 3.2.1.-); Probable metalloendopeptidase (EC 3.4.-.-)]	13	Bacillus phage phi29 (Bacteriophage phi-29)	365
P15316	HYLP1_BPH44	reviewed	Hyaluronoglucosaminidase (Hyaluronidase) (EC 3.2.1.35)	HYLP1 HYLP	Streptococcus pyogenes phage H4489A	371
P15329	GUNX_ACETH	reviewed	Putative endoglucanase X (EGX) (EC 3.2.1.4) (Cellulase) (Endo-1,4-beta-glucanase)	celX	Acetivibrio thermocellus (Hungateiclostridium thermocellum) (Clostridium thermocellum)	224
P15931	FLGJ_SALTY	reviewed	Peptidoglycan hydrolase FlgJ (EC 3.2.1.-) (Muramidase FlgJ)	flgJ fla FX flaZ STM1182	Salmonella typhimurium (strain LT2 / SGSC1412 / ATCC 700720)	316
P16009	NEEDL_BPT4	reviewed	Pre-baseplate central spike protein Gp5 (Pre-Gp5) (Peptidoglycan hydrolase gp5) (EC 3.2.1.17) [Cleaved into: Baseplate central spike protein Gp5* (Mature Gp5); Gp5C]	5	Enterobacteria phage T4 (Bacteriophage T4)	575
P16218	GUNH_ACET2	reviewed	Endoglucanase H (EC 3.2.1.4) (Cellulase H) (Endo-1,4-beta-glucanase H) (EgH)	celH Cthe_1472	Acetivibrio thermocellus (strain ATCC 27405 / DSM 1237 / JCM 9322 / NBRC 103400 / NCIMB 10682 / NRRL B-4536 / VPI 7372) (Clostridium thermocellum)	900
P17654	AMY1_ORYSJ	reviewed	Alpha-amylase (EC 3.2.1.1) (1,4-alpha-D-glucan glucanohydrolase) (Alpha-amylase isozyme 1B)	AMY1.1 AMY1A Os02g0765600 LOC_Os02g52710 OJ1004_A11.13 P0539D10.32	Oryza sativa subsp. japonica (Rice)	434
P17802	MUTY_ECOLI	reviewed	Adenine DNA glycosylase (EC 3.2.2.31) (A/G-specific adenine glycosylase)	mutY micA b2961 JW2928	Escherichia coli (strain K12)	350
P17901	GUNA_RUMCH	reviewed	Endoglucanase A (EC 3.2.1.4) (Cellulase A) (EGCCA) (Endo-1,4-beta-glucanase A)	celCCA Ccel_1099	Ruminiclostridium cellulolyticum (strain ATCC 35319 / DSM 5812 / JCM 6584 / H10) (Clostridium cellulolyticum)	475
P17989	GUB_FIBSS	reviewed	Beta-glucanase (EC 3.2.1.73) (1,3-1,4-beta-D-glucan 4-glucanohydrolase) (Endo-beta-1,3-1,4 glucanase) (Lichenase) (Mixed linkage beta-glucanase)	Fisuc_2961 FSU_0226	Fibrobacter succinogenes (strain ATCC 19169 / S85)	349
P19424	GUN_BACS6	reviewed	Endoglucanase (EC 3.2.1.4) (Alkaline cellulase) (Endo-1,4-beta-glucanase)		Bacillus sp. (strain KSM-635)	941
P19487	GUNA_XANCP	reviewed	Major extracellular endoglucanase (EC 3.2.1.4) (Cellulase) (Endo-1,4-beta-glucanase)	engXCA XCC3521	Xanthomonas campestris pv. campestris (strain ATCC 33913 / DSM 3586 / NCPPB 528 / LMG 568 / P 25)	484
P19531	AMYM_GEOSE	reviewed	Maltogenic alpha-amylase (EC 3.2.1.133) (Glucan 1,4-alpha-maltohydrolase)	amyM	Geobacillus stearothermophilus (Bacillus stearothermophilus)	719
P20533	CHIA1_NIACI	reviewed	Chitinase A1 (EC 3.2.1.14)	chiA1	Niallia circulans (Bacillus circulans)	699
P20974	NAR2B_RAT	reviewed	T-cell ecto-ADP-ribosyltransferase 2 (EC 2.4.2.31) (ADP-ribosyltransferase C2 and C3 toxin-like 2) (ARTC2) (Alloantigen Rt6.2) (Mono(ADP-ribosyl)transferase 2B) (NAD(+) glycohydrolase) (EC 3.2.2.5) (T-cell NAD(P)(+)--arginine ADP-ribosyltransferase 2) (T-cell mono(ADP-ribosyl)transferase 2) (T-cell surface protein Rt6.2)	Art2b Rt6-b	Rattus norvegicus (Rat)	275
P21543	AMYB_PAEPO	reviewed	Beta/alpha-amylase [Includes: Beta-amylase (EC 3.2.1.2); Alpha-amylase (EC 3.2.1.1)]		Paenibacillus polymyxa (Bacillus polymyxa)	1196
P22244	RIP1_HORVU	reviewed	Protein synthesis inhibitor I (EC 3.2.2.22) (Ribosome-inactivating protein I) (rRNA N-glycosidase)	RIP30	Hordeum vulgare (Barley)	281
P22699	GUN6_DICDI	reviewed	Endoglucanase (EC 3.2.1.4) (Cellulase) (Endo-1,4-beta-glucanase) (Spore germination protein 270-6)	celA DDB_G0271134	Dictyostelium discoideum (Social amoeba)	705
P22855	MAN1_YEAST	reviewed	Alpha-mannosidase (EC 3.2.1.24) (Alpha-D-mannoside mannohydrolase)	AMS1 YGL156W G1861	Saccharomyces cerevisiae (strain ATCC 204508 / S288c) (Baker's yeast)	1083
P23780	BGAL_MOUSE	reviewed	Beta-galactosidase (EC 3.2.1.23) (Acid beta-galactosidase) (Lactase)	Glb1 Bgl Glb-1	Mus musculus (Mouse)	647
P23904	GUB_PAEMA	reviewed	Beta-glucanase (EC 3.2.1.73) (1,3-1,4-beta-D-glucan 4-glucanohydrolase) (Endo-beta-1,3-1,4 glucanase) (Lichenase)		Paenibacillus macerans (Bacillus macerans)	237
P24817	RIP3_MOMCH	reviewed	Ribosome-inactivating protein beta-momorcharin (B-MMC) (EC 3.2.2.22) (MAP 30) (rRNA N-glycosidase)	MAP30 RIP	Momordica charantia (Bitter gourd) (Balsam pear)	286
P25310	LYSM1_STRGL	reviewed	Lysozyme M1 (EC 3.2.1.17) (1,4-beta-N-acetylmuramidase M1)	acm	Streptomyces globisporus	294
P25718	AMY1_ECOLI	reviewed	Periplasmic alpha-amylase (EC 3.2.1.1) (1,4-alpha-D-glucan glucanohydrolase)	malS b3571 JW3543	Escherichia coli (strain K12)	676
P26205	BGLT_TRIRP	reviewed	Cyanogenic beta-glucosidase (EC 3.2.1.21) (Linamarase)	LI	Trifolium repens (Creeping white clover)	425
P26221	GUN4_THEFU	reviewed	Endoglucanase E-4 (EC 3.2.1.4) (Cellulase E-4) (Cellulase E4) (Endo-1,4-beta-glucanase E-4)	celD	Thermobifida fusca (Thermomonospora fusca)	880
P26222	GUN2_THEFU	reviewed	Endoglucanase E-2 (EC 3.2.1.4) (Cellulase E-2) (Cellulase E2) (Endo-1,4-beta-glucanase E-2)	celB	Thermobifida fusca (Thermomonospora fusca)	441
P26509	PGLR2_PECPM	reviewed	Endo-polygalacturonase (EC 3.2.1.15)	pehA W5S_3318	Pectobacterium parmentieri	402
P27359	ENLYS_BPP21	reviewed	SAR-endolysin (EC 3.2.1.17) (Endolysin) (Lysis protein) (Lysozyme) (Muramidase)	R	Enterobacteria phage P21 (Bacteriophage 21) (Bacteriophage P21)	165
P28907	CD38_HUMAN	reviewed	ADP-ribosyl cyclase/cyclic ADP-ribose hydrolase 1 (EC 3.2.2.-) (EC 3.2.2.6) (2'-phospho-ADP-ribosyl cyclase) (2'-phospho-ADP-ribosyl cyclase/2'-phospho-cyclic-ADP-ribose transferase) (EC 2.4.99.20) (2'-phospho-cyclic-ADP-ribose transferase) (ADP-ribosyl cyclase 1) (ADPRC 1) (Cyclic ADP-ribose hydrolase 1) (cADPR hydrolase 1) (T10) (CD antigen CD38)	CD38	Homo sapiens (Human)	300
P29029	CHIT_YEAST	reviewed	Endochitinase (EC 3.2.1.14) (Soluble cell wall protein 2)	CTS1 SCW2 YLR286C L8003.13	Saccharomyces cerevisiae (strain ATCC 204508 / S288c) (Baker's yeast)	562
P29372	3MG_HUMAN	reviewed	DNA-3-methyladenine glycosylase (EC 3.2.2.21) (3-alkyladenine DNA glycosylase) (3-methyladenine DNA glycosidase) (ADPG) (N-methylpurine-DNA glycosylase)	MPG AAG ANPG MID1	Homo sapiens (Human)	298
P29588	MIG_METTF	reviewed	Thymine/uracil-DNA glycosylase (EC 3.2.2.-) (EC 3.2.2.29) (DNA mismatch glycosylase) (MIG) (G/T mismatches repair enzyme) (Type II nicking enzyme V.MthTI) (V.MthTI)	mig	Methanothermobacter thermautotrophicus (Methanobacterium thermoformicicum)	221
P29717	EXG1_CANAL	reviewed	Glucan 1,3-beta-glucosidase (EC 2.4.1.-) (EC 3.2.1.58) (Exo-1,3-beta-glucanase)	XOG1 EXG EXG1 XOG CAALFM_C102990CA Ca49C10.05 CaO19.10507 CaO19.2990	Candida albicans (strain SC5314 / ATCC MYA-2876) (Yeast)	438
P29768	NANH_SALTY	reviewed	Sialidase (EC 3.2.1.18) (N-acylneuraminate glycohydrolase) (Neuraminidase) (NANase) (STNA)	nanH STM0928	Salmonella typhimurium (strain LT2 / SGSC1412 / ATCC 700720)	382
P29957	AMY_PSEHA	reviewed	Alpha-amylase (EC 3.2.1.1) (1,4-alpha-D-glucan glucanohydrolase)	amy	Pseudoalteromonas haloplanktis (Alteromonas haloplanktis)	669
P30176	RIBX_ECOLI	reviewed	N-glycosidase YbiA (EC 3.2.2.-) (Riboflavin biosynthesis intermediates N-glycosidase)	ybiA b0798 JW0783	Escherichia coli (strain K12)	160
P31434	XYLS_ECOLI	reviewed	Alpha-xylosidase (EC 3.2.1.177)	yicI b3656 JW3631	Escherichia coli (strain K12)	772
P32356	TREA_YEAST	reviewed	Cytosolic neutral trehalase (EC 3.2.1.28) (Alpha,alpha-trehalase) (Alpha,alpha-trehalose glucohydrolase)	NTH1 NTH YDR001C YD8119.07C	Saccharomyces cerevisiae (strain ATCC 204508 / S288c) (Baker's yeast)	751
P32906	MNS1_YEAST	reviewed	Endoplasmic reticulum mannosyl-oligosaccharide 1,2-alpha-mannosidase (EC 3.2.1.113) (ER alpha-1,2-mannosidase) (Man(9)-alpha-mannosidase)	MNS1 YJR131W J2110	Saccharomyces cerevisiae (strain ATCC 204508 / S288c) (Baker's yeast)	549
P33183	NIGB_SAMNI	reviewed	Nigrin b (Agglutinin V) (SNAV) [Cleaved into: Nigrin b A chain (EC 3.2.2.22) (rRNA N-glycosidase); Nigrin b B chain]		Sambucus nigra (European elder)	563
P33186	RIPG_SURMU	reviewed	Ribosome-inactivating protein gelonin (EC 3.2.2.22) (rRNA N-glycosidase) (allergen Gel m RIP)	GEL	Suregada multiflora (False lime) (Gelonium multiflorum)	316
P35475	IDUA_HUMAN	reviewed	Alpha-L-iduronidase (EC 3.2.1.76)	IDUA	Homo sapiens (Human)	653
P36906	XYNB_THESA	reviewed	Beta-xylosidase (EC 3.2.1.37) (1,4-beta-D-xylan xylohydrolase) (Xylan 1,4-beta-xylosidase)	xynB	Thermoanaerobacterium saccharolyticum	500
P36911	EBA1_ELIME	reviewed	Endo-beta-N-acetylglucosaminidase F1 (EC 3.2.1.96) (Di-N-acetylchitobiosyl beta-N-acetylglucosaminidase F1) (Endoglycosidase F1) (Mannosyl-glycoprotein endo-beta-N-acetyl-glucosaminidase F1)	endOF1	Elizabethkingia meningoseptica (Chryseobacterium meningosepticum)	339
P36913	EBA3_ELIME	reviewed	Endo-beta-N-acetylglucosaminidase F3 (EC 3.2.1.96) (Di-N-acetylchitobiosyl beta-N-acetylglucosaminidase F3) (Endoglycosidase F3) (Mannosyl-glycoprotein endo-beta-N-acetyl-glucosaminidase F3)	endOF3	Elizabethkingia meningoseptica (Chryseobacterium meningosepticum)	329
P36924	AMYB_BACCE	reviewed	Beta-amylase (EC 3.2.1.2) (1,4-alpha-D-glucan maltohydrolase)	spoII	Bacillus cereus	546
P37710	ALYS_ENTFA	reviewed	Autolysin (EC 3.2.1.-) (Beta-glycosidase) (Peptidoglycan hydrolase)	EF_0799	Enterococcus faecalis (strain ATCC 700802 / V583)	737
P38218	POA1_YEAST	reviewed	ADP-ribose 1''-phosphate phosphatase (EC 3.1.3.84) (EC 3.2.2.-) ([Protein ADP-ribosylglutamate] hydrolase)	POA1 YBR022W YBR0304	Saccharomyces cerevisiae (strain ATCC 204508 / S288c) (Baker's yeast)	177
P42293	EABN2_BACSU	reviewed	Extracellular endo-alpha-(1->5)-L-arabinanase 2 (ABN) (EC 3.2.1.99) (Endo-1,5-alpha-L-arabinanase)	abn2 J3A yxiA BSU39330	Bacillus subtilis (strain 168)	469
P42592	YGJK_ECOLI	reviewed	Glucosidase YgjK (EC 3.2.1.-)	ygjK b3080 JW3051	Escherichia coli (strain K12)	783
P43316	GUN5_HUMIN	reviewed	Endoglucanase-5 (EC 3.2.1.4) (Cellulase V) (Endo-1,4-beta-glucanase V) (EG V) (Endoglucanase V)		Humicola insolens (Soft-rot fungus)	213
P43478	CGKA_PSEVC	reviewed	Kappa-carrageenase (EC 3.2.1.83)	cgkA	Pseudoalteromonas carrageenovora (Alteromonas carrageenovora)	397
P45700	MA1A1_MOUSE	reviewed	Mannosyl-oligosaccharide 1,2-alpha-mannosidase IA (EC 3.2.1.113) (Man(9)-alpha-mannosidase) (Man9-mannosidase) (Mannosidase alpha class 1A member 1) (Processing alpha-1,2-mannosidase IA) (Alpha-1,2-mannosidase IA)	Man1a1 Man1a	Mus musculus (Mouse)	655
P48636	LOGH_PSEAE	reviewed	Cytokinin riboside 5'-monophosphate phosphoribohydrolase (EC 3.2.2.n1) (AMP nucleosidase) (EC 3.2.2.4) (PaLOG)	PA4923	Pseudomonas aeruginosa (strain ATCC 15692 / DSM 22644 / CIP 104116 / JCM 14847 / LMG 12228 / 1C / PRS 101 / PAO1)	195
P48827	CHI42_TRIHA	reviewed	Endochitinase 42 (EC 3.2.1.14) (42 kDa endochitinase) (Chitinase 42)	chit42	Trichoderma harzianum (Hypocrea lixii)	423
P48845	DEXT_TALMI	reviewed	Dextranase (EC 3.2.1.11) (Alpha-1,6-glucan-6-glucanohydrolase)	DEX	Talaromyces minioluteus (Filamentous fungus) (Penicillium minioluteum)	608
P49370	HUGAA_VESVU	reviewed	Hyaluronidase A (Hya A) (EC 3.2.1.35) (Allergen Ves v II) (Hyaluronoglucosaminidase A) (allergen Ves v 2a)		Vespula vulgaris (Yellow jacket) (Wasp)	331
P50401	GUXA_CELFA	reviewed	Exoglucanase A (EC 3.2.1.91) (1,4-beta-cellobiohydrolase A) (CBP95) (Exocellobiohydrolase A)	cbhA Celf_1925	Cellulomonas fimi (strain ATCC 484 / DSM 20113 / JCM 1341 / NBRC 15513 / NCIMB 8980 / NCTC 7547)	872
P50694	TLP_PRUAV	reviewed	Glucan endo-1,3-beta-glucosidase (EC 3.2.1.39) ((1->3)-beta-glucan endohydrolase) ((1->3)-beta-glucanase) (Allergen Pru a 2) (Beta-1,3-endoglucanase) (Thaumatin-like protein) (TLP) (allergen Pru av 2)		Prunus avium (Cherry) (Cerasus avium)	245
P54802	ANAG_HUMAN	reviewed	Alpha-N-acetylglucosaminidase (EC 3.2.1.50) (N-acetyl-alpha-glucosaminidase) (NAG) [Cleaved into: Alpha-N-acetylglucosaminidase 82 kDa form; Alpha-N-acetylglucosaminidase 77 kDa form]	NAGLU UFHSD1	Homo sapiens (Human)	743
P54818	GALC_MOUSE	reviewed	Galactocerebrosidase (GALCERase) (EC 3.2.1.46) (Galactocerebroside beta-galactosidase) (Galactosylceramidase) (Galactosylceramide beta-galactosidase)	Galc	Mus musculus (Mouse)	684
P56568	RIP1_LUFAE	reviewed	Ribosome-inactivating protein luffin P1 (EC 3.2.2.22) (Arginine/glutamate-rich polypeptide) (AGRP) [Cleaved into: Luffin P1a; Luffin P1b; Luffin P1c]		Luffa aegyptiaca (Sponge gourd) (Luffa cylindrica)	47
P56634	AMY_TENMO	reviewed	Alpha-amylase (EC 3.2.1.1) (1,4-alpha-D-glucan glucanohydrolase)		Tenebrio molitor (Yellow mealworm beetle)	471
P59205	LYTB_STRPN	reviewed	Putative endo-beta-N-acetylglucosaminidase (EC 3.2.1.96) (Murein hydrolase)	lytB SP_0965	Streptococcus pneumoniae serotype 4 (strain ATCC BAA-334 / TIGR4)	658
P59823	IRPL1_MOUSE	reviewed	Interleukin-1 receptor accessory protein-like 1 (IL-1-RAPL-1) (IL-1RAPL-1) (IL1RAPL-1) (EC 3.2.2.6) (X-linked interleukin-1 receptor accessory protein-like 1)	Il1rapl1	Mus musculus (Mouse)	695
P62575	NANA_STREE	reviewed	Sialidase A (EC 3.2.1.18) (Neuraminidase A)	nanA	Streptococcus pneumoniae	1035
P67344	ADPRH_STAAN	reviewed	Protein-ADP-ribose hydrolase (SpyMacroD) (EC 3.2.1.-)	SA0314	Staphylococcus aureus (strain N315)	266
P77847	P77847_CALSA	unreviewed	Beta-1,4-mannanase (EC 3.2.1.78)	manA	Caldicellulosiruptor saccharolyticus (Caldocellum saccharolyticum)	911
P78549	NTH_HUMAN	reviewed	Endonuclease III-like protein 1 (hNTH1) (EC 3.2.2.-) (EC 4.2.99.18) (Bifunctional DNA N-glycosylase/DNA-(apurinic or apyrimidinic site) lyase) (DNA glycosylase/AP lyase)	NTHL1 NTH1 OCTS3	Homo sapiens (Human)	312
P82186	GUN_MYTED	reviewed	Endoglucanase (EC 3.2.1.4) (CMCase) (Cellulase) (Endo-1,4-beta-glucanase)		Mytilus edulis (Blue mussel)	181
P83692	GANA_THETO	reviewed	Arabinogalactan endo-beta-1,4-galactanase (EC 3.2.1.89) (Endo-1,4-beta-galactanase) (Galactanase)		Thermothelomyces thermophilus (Myceliophthora thermophila)	332
P84786	RIP_DRIMA	reviewed	Ribosome-inactivating protein charybdin (EC 3.2.2.22) (rRNA N-glycosidase)		Drimia maritima (Sea squill) (Charybdis maritima)	257
P85101	RIPLY_SILCH	reviewed	Ribosome-inactivating protein lychnin (EC 3.2.2.22)		Silene chalcedonica (Maltese-cross) (Lychnis chalcedonica)	234
P86383	LYS_MERLU	reviewed	Lysozyme (EC 3.2.1.17) (1,4-beta-N-acetylmuramidase) (Invertebrate-type lysozyme)		Meretrix lusoria (Hard clam) (Common Orient clam)	122
P94622	P94622_CLOCL	unreviewed	Endo-1,4-beta glucanase EngF (EC 3.2.1.4)	engF	Clostridium cellulovorans	557
P96311	P96311_CALBS	unreviewed	Endoglucanase (EC 3.2.1.4)	celA	Caldicellulosiruptor bescii (Anaerocellum thermophilum)	1711
P96658	YDEA_BACSU	reviewed	Uncharacterized protease YdeA (EC 3.2.-.-)	ydeA BSU05110	Bacillus subtilis (strain 168)	197
Q00001	RHGA_ASPAC	reviewed	Rhamnogalacturonase A (RGase A) (RHG A) (EC 3.2.1.171) (Rhamnogalacturonan hydrolase A)	rhgA	Aspergillus aculeatus	440
Q01638	ILRL1_HUMAN	reviewed	Interleukin-1 receptor-like 1 (EC 3.2.2.6) (Protein ST2)	IL1RL1 DER4 ST2 T1	Homo sapiens (Human)	556
Q01786	GUN5_THEFU	reviewed	Endoglucanase E-5 (EC 3.2.1.4) (Cellulase E-5) (Cellulase E5) (Endo-1,4-beta-glucanase E-4)	celE	Thermobifida fusca (Thermomonospora fusca)	466
Q02834	NANH_MICVI	reviewed	Sialidase (EC 3.2.1.18) (Neuraminidase)	nedA	Micromonospora viridifaciens	647
Q03045	AMYG_AMORE	reviewed	Glucoamylase P (EC 3.2.1.3) (1,4-alpha-D-glucan glucohydrolase) (Glucan 1,4-alpha-glucosidase)	GAMP	Amorphotheca resinae (Creosote fungus) (Hormoconis resinae)	616
Q04830	FIBER_BPK1F	reviewed	Tail spike protein (TSP) (Endo-N-acetylneuraminidase) (Endo-N) (Endo-alpha-sialidase) (EC 3.2.1.129) (EndoNF) (G102) [Cleaved into: Mature tail spike protein; Intramolecular chaperone]		Escherichia phage K1F (Bacteriophage K1F)	1064
Q08214	NTH2_YEAST	reviewed	Endonuclease III homolog 2 (EC 3.2.2.-) (EC 4.2.99.18) (Bifunctional DNA N-glycosylase/DNA-(apurinic or apyrimidinic site) lyase 2) (DNA glycosylase/AP lyase 2) (Endonuclease III-like glycosylase 2) (Redoxyendonuclease 2)	NTG2 SCR2 YOL043C	Saccharomyces cerevisiae (strain ATCC 204508 / S288c) (Baker's yeast)	380
Q0MQR4	Q0MQR4_HUMAN	unreviewed	poly(ADP-ribose) glycohydrolase (EC 3.2.1.143)	PARG	Homo sapiens (Human)	976
Q0PC20	MQMTN_CAMJE	reviewed	Aminodeoxyfutalosine nucleosidase (AFL nucleosidase) (Aminofutalosine nucleosidase) (EC 3.2.2.30) (5'-methylthioadenosine/S-adenosylhomocysteine nucleosidase) (MTA/SAH nucleosidase) (MTAN) (EC 3.2.2.9) (6-amino-6-deoxyfutalosine N-ribosylhydrolase)	pfs Cj0117	Campylobacter jejuni subsp. jejuni serotype O:2 (strain ATCC 700819 / NCTC 11168)	229
Q0PRN1	Q0PRN1_RUMCH	unreviewed	Galactosylceramidase (EC 3.2.1.4) (EC 3.2.1.46)	gal59A Ccel_1238	Ruminiclostridium cellulolyticum (strain ATCC 35319 / DSM 5812 / JCM 6584 / H10) (Clostridium cellulolyticum)	1122
Q0SPG7	Q0SPG7_9CAUD	unreviewed	lysozyme (EC 3.2.1.17)	CPR_C0050	Clostridium phage phiSM101	342
Q0TR53	OGA_CLOP1	reviewed	O-GlcNAcase NagJ (EC 3.2.1.169) (Beta-N-acetylglucosaminidase) (Beta-N-acetylhexosaminidase) (Beta-hexosaminidase) (GH84C) (Hexosaminidase B) (N-acetyl-beta-D-glucosaminidase)	nagJ CPF_1442	Clostridium perfringens (strain ATCC 13124 / DSM 756 / JCM 1290 / NCIMB 6125 / NCTC 8237 / Type A)	1001
Q11174	CHIT_CAEEL	reviewed	Probable endochitinase (EC 3.2.1.14)	cht-1 C04F6.3	Caenorhabditis elegans	617
Q12794	HYAL1_HUMAN	reviewed	Hyaluronidase-1 (Hyal-1) (EC 3.2.1.35) (Hyaluronoglucosaminidase-1) (Lung carcinoma protein 1) (LuCa-1)	HYAL1 LUCA1	Homo sapiens (Human)	435
Q13569	TDG_HUMAN	reviewed	G/T mismatch-specific thymine DNA glycosylase (EC 3.2.2.29) (Thymine-DNA glycosylase) (hTDG)	TDG	Homo sapiens (Human)	410
Q1K5M0	Q1K5M0_NEUCR	unreviewed	Cellulase (EC 3.2.1.4)	gh45-1 NCU05121	Neurospora crassa (strain ATCC 24698 / 74-OR23-1A / CBS 708.71 / DSM 1257 / FGSC 987)	293
Q21HC5	Q21HC5_SACD2	unreviewed	B-agarase (EC 3.2.1.81)	aga50B Sde_2644	Saccharophagus degradans (strain 2-40 / ATCC 43961 / DSM 17024)	793
Q24451	MAN2_DROME	reviewed	Alpha-mannosidase 2 (EC 3.2.1.114) (Golgi alpha-mannosidase II) (AMan II) (Man II) (Golgi alpha-mannosidase IIa) (Mannosyl-oligosaccharide 1,3-1,6-alpha-mannosidase)	alpha-Man-IIa GmII CG18802	Drosophila melanogaster (Fruit fly)	1108
Q25091	Q25091_HIRME	unreviewed	lysozyme (EC 3.2.1.17)		Hirudo medicinalis (Medicinal leech)	136
Q29451	MA2B1_BOVIN	reviewed	Lysosomal alpha-mannosidase (Laman) (EC 3.2.1.24) (Lysosomal acid alpha-mannosidase) (Mannosidase alpha class 2B member 1) (Mannosidase alpha-B) [Cleaved into: Lysosomal alpha-mannosidase A peptide; Lysosomal alpha-mannosidase B peptide; Lysosomal alpha-mannosidase C peptide; Lysosomal alpha-mannosidase D peptide; Lysosomal alpha-mannosidase E peptide]	MAN2B1 MANB	Bos taurus (Bovine)	999
Q2CEE3	OGA_OCEGH	reviewed	Protein O-GlcNAcase (OGA) (EC 3.2.1.169) (Beta-N-acetylglucosaminidase) (Beta-N-acetylhexosaminidase) (Beta-hexosaminidase) (N-acetyl-beta-D-glucosaminidase) (N-acetyl-beta-glucosaminidase)	OG2516_04129	Oceanicola granulosus (strain ATCC BAA-861 / DSM 15982 / KCTC 12143 / HTCC2516)	447
Q2UCU3	BGALA_ASPOR	reviewed	Beta-galactosidase A (EC 3.2.1.23) (Acidic beta-galactosidase) (Ao-beta-gal) (Lactase A)	lacA AO090012000445	Aspergillus oryzae (strain ATCC 42149 / RIB 40) (Yellow koji mold)	1005
Q2VC81	Q2VC81_RHIOR	unreviewed	glucan 1,4-alpha-glucosidase (EC 3.2.1.3) (1,4-alpha-D-glucan glucohydrolase) (Glucan 1,4-alpha-glucosidase)	amyA	Rhizopus oryzae (Mucormycosis agent) (Rhizopus arrhizus var. delemar)	604
Q2Z1W1	Q2Z1W1_PHACH	unreviewed	Glucan 1,3-beta-glucosidase (EC 3.2.1.58)	lam55A	Phanerodontia chrysosporium (White-rot fungus) (Sporotrichum pruinosum)	778
Q45071	XYND_BACSU	reviewed	Arabinoxylan arabinofuranohydrolase (AXH) (EC 3.2.1.55) (AXH-m2,3) (AXH-m23) (Alpha-L-arabinofuranosidase) (AF)	xynD BSU18160	Bacillus subtilis (strain 168)	513
Q47NH7	Q47NH7_THEFY	unreviewed	Cellulose 1,4-beta-cellobiosidase (EC 3.2.1.91)	Tfu_1959	Thermobifida fusca (strain YX)	984
Q47SA9	Q47SA9_THEFY	unreviewed	Glucanase (EC 3.2.1.-)	Tfu_0620	Thermobifida fusca (strain YX)	596
Q4WEQ6	Q4WEQ6_ASPFU	unreviewed	Class III chitinase, putative (EC 3.2.1.14)	AFUA_5G03850	Aspergillus fumigatus (strain ATCC MYA-4609 / CBS 101355 / FGSC A1100 / Af293) (Neosartorya fumigata)	319
Q4WL81	NADA_ASPFU	reviewed	Conidial surface nicotinamide adenine dinucleotide glycohydrolase nadA (NADase) (NAD(+) hydrolase nadA) (EC 3.2.2.5) (NADP(+) hydrolase nadA) (EC 3.2.2.-)	nadA AFUA_6G14470	Aspergillus fumigatus (strain ATCC MYA-4609 / CBS 101355 / FGSC A1100 / Af293) (Neosartorya fumigata)	234
Q4WQS0	SIA_ASPFU	reviewed	Exo-alpha-sialidase (EC 3.2.1.18) (Alpha-neuraminidase) (N-acylneuraminate glycohydrolase)	AFUA_4G13800	Aspergillus fumigatus (strain ATCC MYA-4609 / CBS 101355 / FGSC A1100 / Af293) (Neosartorya fumigata)	406
Q4WX16	Q4WX16_ASPFU	unreviewed	alpha-galactosidase (EC 3.2.1.22)	AFUA_3G07890	Aspergillus fumigatus (strain ATCC MYA-4609 / CBS 101355 / FGSC A1100 / Af293) (Neosartorya fumigata)	318
Q50KB2	Q50KB2_PHACH	unreviewed	Galactan 1,3-beta-galactosidase (EC 3.2.1.145)		Phanerodontia chrysosporium (White-rot fungus) (Sporotrichum pruinosum)	448
Q54443	DEXT_STRMU	reviewed	Dextranase (EC 3.2.1.11) (Alpha-1,6-glucan-6-glucanohydrolase)	dexA SMU_2042	Streptococcus mutans serotype c (strain ATCC 700610 / UA159)	850
Q54468	CHB_SERMA	reviewed	Chitobiase (EC 3.2.1.52) (Beta-N-acetylhexosaminidase) (N-acetyl-beta-glucosaminidase)	chb	Serratia marcescens	885
Q54727	NANB_STRPN	reviewed	Sialidase B (EC 3.2.1.18) (Neuraminidase B)	nanB SP_1687	Streptococcus pneumoniae serotype 4 (strain ATCC BAA-334 / TIGR4)	697
Q56307	BGAL_THEMA	reviewed	Beta-galactosidase (Beta-gal) (EC 3.2.1.23) (Lactase)	lacZ TM_1193	Thermotoga maritima (strain ATCC 43589 / DSM 3109 / JCM 10099 / NBRC 100826 / MSB8)	1084
Q56F26	EBDG_AMYOR	reviewed	Exo-beta-D-glucosaminidase (GlcNase) (EC 3.2.1.165) (Exochitinase)	csxA	Amycolatopsis orientalis (Nocardia orientalis)	1032
Q57ZL6	Q57ZL6_TRYB2	unreviewed	Inosine-adenosine-guanosine-nucleoside hydrolase (EC 3.2.2.1)	Tb03.27C5.420 Tb927.3.2960	Trypanosoma brucei brucei (strain 927/4 GUTat10.1)	327
Q58134	OGG1_METJA	reviewed	8-oxoguanine DNA glycosylase/AP lyase [Includes: 8-oxoguanine DNA glycosylase (8-oxoG DNA glycosylase) (EC 3.2.2.-); DNA-(apurinic or apyrimidinic site) lyase (AP lyase) (EC 4.2.99.18)]	ogg MJ0724	Methanocaldococcus jannaschii (strain ATCC 43067 / DSM 2661 / JAL-1 / JCM 10045 / NBRC 100440) (Methanococcus jannaschii)	207
Q59232	Q59232_BACSP	unreviewed	cellulase (EC 3.2.1.4)		Bacillus sp	389
Q5G2D4	Q5G2D4_9PEZI	unreviewed	Glucanase (EC 3.2.1.-)		Thermochaetoides thermophila	476
Q5L7T7	Q5L7T7_BACFN	unreviewed	Alpha-galactosidase (EC 3.2.1.22) (Melibiase)	agaA_1 BF9343_4081 NCTC9343_01464	Bacteroides fragilis (strain ATCC 25285 / DSM 2151 / CCUG 4856 / JCM 11019 / NCTC 9343 / Onslow)	496
Q5L9G5	Q5L9G5_BACFN	unreviewed	Chitobiase (EC 3.2.1.169)	nagJ BF9343_3481 NCTC9343_00803	Bacteroides fragilis (strain ATCC 25285 / DSM 2151 / CCUG 4856 / JCM 11019 / NCTC 9343 / Onslow)	440
Q5PSP8	Q5PSP8_BACIU	unreviewed	Mannan endo-1,4-beta-mannosidase (EC 3.2.1.78)		Bacillus subtilis	362
Q5SJ65	UDGB_THET8	reviewed	Type-5 uracil-DNA glycosylase (EC 3.2.2.-) (TTUDGB) (Uracil/hypoxanthine/xanthine DNA glycosylase)	udgb TTHA1149	Thermus thermophilus (strain ATCC 27634 / DSM 579 / HB8)	219
Q5SRI9	MANEA_HUMAN	reviewed	Glycoprotein endo-alpha-1,2-mannosidase (Endo-alpha mannosidase) (Endomannosidase) (hEndo) (EC 3.2.1.130) (Mandaselin)	MANEA	Homo sapiens (Human)	462
Q5UPT2	UNG_MIMIV	reviewed	Probable uracil-DNA glycosylase (UDG) (EC 3.2.2.-)	UNG MIMI_L249	Acanthamoeba polyphaga mimivirus (APMV)	370
Q5UQ00	FPG_MIMIV	reviewed	Probable formamidopyrimidine-DNA glycosylase (Fapy-DNA glycosylase) (EC 3.2.2.23) (DNA-(apurinic or apyrimidinic site) lyase) (AP lyase) (EC 4.2.99.18)	MIMI_L315	Acanthamoeba polyphaga mimivirus (APMV)	287
Q5YEX6	Q5YEX6_9BACI	unreviewed	Beta-mannanase (EC 3.2.1.78) (Endo-1,4-beta-mannosidase)	manA	Bacillus sp. N16-5	493
Q60032	Q60032_THEMT	unreviewed	Endo-1,4-beta-glucanase (EC 3.2.1.4)	celA	Thermotoga maritima	257
Q60053	NEPU1_THEVU	reviewed	Neopullulanase 1 (EC 3.2.1.135) (Alpha-amylase I) (TVA I)	tvaI	Thermoactinomyces vulgaris	666
Q65CX5	GANB_BACLD	reviewed	Endo-beta-1,4-galactanase (Galactanase) (EC 3.2.1.-) (Arabinogalactan endo-beta-1,4-galactanase) (EC 3.2.1.89) (BLGAL)	ganB galA yvfO BLi04276 BL00263	Bacillus licheniformis (strain ATCC 14580 / DSM 13 / JCM 2505 / CCUG 7422 / NBRC 12200 / NCIMB 9375 / NCTC 10341 / NRRL NRS-1264 / Gibson 46)	424
Q65JI7	Q65JI7_BACLD	unreviewed	cellulase (EC 3.2.1.4)	celC BL01230	Bacillus licheniformis (strain ATCC 14580 / DSM 13 / JCM 2505 / CCUG 7422 / NBRC 12200 / NCIMB 9375 / NCTC 10341 / NRRL NRS-1264 / Gibson 46)	560
Q6FSK0	Q6FSK0_CANGA	unreviewed	Glycogen debranching enzyme (EC 2.4.1.25) (EC 3.2.1.33) (Glycogen debrancher)	GDB1 CAGL0G09977g	Candida glabrata (strain ATCC 2001 / BCRC 20586 / JCM 3761 / NBRC 0622 / NRRL Y-65 / CBS 138) (Yeast) (Nakaseomyces glabratus)	1528
Q6IDD9	SARM1_DROME	reviewed	NAD(+) hydrolase sarm1 (NADase sarm1) (EC 3.2.2.6) (Sterile alpha and TIR motif-containing protein 1) (Tir-1 homolog)	Sarm Ect4 CG43119	Drosophila melanogaster (Fruit fly)	1360
Q6NSJ0	MYORG_HUMAN	reviewed	Myogenesis-regulating glycosidase (EC 3.2.1.-) (Uncharacterized family 31 glucosidase KIAA1161)	MYORG KIAA1161	Homo sapiens (Human)	714
Q6ST21	Q6ST21_STRGN	unreviewed	N-acetyl-beta-D-glucosaminidase (EC 3.2.1.52)		Streptococcus gordonii	627
Q6SZW1	SARM1_HUMAN	reviewed	NAD(+) hydrolase SARM1 (NADase SARM1) (hSARM1) (EC 3.2.2.6) (NADP(+) hydrolase SARM1) (EC 3.2.2.-) (Sterile alpha and Armadillo repeat protein) (Sterile alpha and TIR motif-containing protein 1) (Sterile alpha motif domain-containing protein 2) (MyD88-5) (SAM domain-containing protein 2) (Tir-1 homolog) (HsTIR)	SARM1 KIAA0524 SAMD2 SARM	Homo sapiens (Human)	724
Q6UB36	Q6UB36_9FIRM	unreviewed	Cellulose 1,4-beta-cellobiosidase (EC 3.2.1.91) (Cellulosomal family-48 processive glycoside hydrolase)	Bccel_0895	Pseudobacteroides cellulosolvens ATCC 35603 = DSM 2933	752
Q70DK5	XG74_ACETH	reviewed	Xyloglucanase Xgh74A (EC 3.2.1.-)	xghA	Acetivibrio thermocellus (Hungateiclostridium thermocellum) (Clostridium thermocellum)	842
Q70SQ1	Q70SQ1_NPVAC	unreviewed	Ac-ChiA (Chitinase (EC 3.2.1.14))	ChiA Ac-ChiA chitinase ACNVgp127	Autographa californica nuclear polyhedrosis virus (AcMNPV)	551
Q75I93	BGL07_ORYSJ	reviewed	Beta-glucosidase 7 (Os3bglu7) (EC 3.2.1.21)	BGLU7 BGLU1 Os03g0703000 LOC_Os03g49600 OSJNBa0004L11.16	Oryza sativa subsp. japonica (Rice)	504
Q79G13	Q79G13_MYCTU	unreviewed	Glucanase (EC 3.2.1.-)	celA1 cel6 celA Rv0062	Mycobacterium tuberculosis (strain ATCC 25618 / H37Rv)	380
Q7LYT7	Q7LYT7_PYRWO	unreviewed	Alpha amylase (EC 3.2.1.1)	amyA	Pyrococcus woesei	460
Q7SIG5	GUN6_HUMIN	reviewed	Endoglucanase-6B (EC 3.2.1.4) (Cellulase 6B) (Endo-1,4-beta-glucanase 6B)	cel6B	Humicola insolens (Soft-rot fungus)	348
Q7XA67	MTN2_ARATH	reviewed	5'-methylthioadenosine/S-adenosylhomocysteine nucleosidase (MTA/SAH nucleosidase) (EC 3.2.2.9) (5'-methylthioadenosine nucleosidase 2) (AtMTAN2) (MTA nucleosidase 2) (S-adenosylhomocysteine nucleosidase) (AdoHcy nucleosidase) (SAH nucleosidase) (SRH nucleosidase)	MTN2 MTAN2 At4g34840 T11I11.80	Arabidopsis thaliana (Mouse-ear cress)	254
Q82L26	Q82L26_STRAW	unreviewed	Alpha-galactosidase (EC 3.2.1.22) (Melibiase)	agaA2 SAVERM_2186	Streptomyces avermitilis (strain ATCC 31267 / DSM 46492 / JCM 5070 / NBRC 14893 / NCIMB 12804 / NRRL 8165 / MA-4680)	658
Q82P90	IABF_STRAW	reviewed	Extracellular exo-alpha-(1->5)-L-arabinofuranosidase (EC 3.2.1.55)	Araf43A abfA SAVERM_1043	Streptomyces avermitilis (strain ATCC 31267 / DSM 46492 / JCM 5070 / NBRC 14893 / NCIMB 12804 / NRRL 8165 / MA-4680)	481
Q840C0	Q840C0_CELJA	unreviewed	mannan endo-1,4-beta-mannosidase (EC 3.2.1.78)	man5C	Cellvibrio japonicus (Pseudomonas fluorescens subsp. cellulosa)	830
Q873Y0	CHIA1_ASPFM	reviewed	Endochitinase A1 (EC 3.2.1.14) (Chitinase A1)	chiA1 chi1	Aspergillus fumigatus (Neosartorya fumigata)	825
Q88JL2	Q88JL2_PSEPK	unreviewed	Glucanase (EC 3.2.1.-)	bcsZ PP_2637	Pseudomonas putida (strain ATCC 47054 / DSM 6125 / CFBP 8728 / NCIMB 11950 / KT2440)	370
Q89ZI2	OGA_BACTN	reviewed	O-GlcNAcase BT_4395 (EC 3.2.1.169) (Beta-N-acetylglucosaminidase) (Beta-N-acetylhexosaminidase) (Beta-hexosaminidase) (Hexosaminidase B) (N-acetyl-beta-glucosaminidase)	BT_4395	Bacteroides thetaiotaomicron (strain ATCC 29148 / DSM 2079 / JCM 5827 / CCUG 10774 / NCTC 10582 / VPI-5482 / E50)	737
Q8A051	Q8A051_BACTN	unreviewed	Pectate lyase L	BT_4170	Bacteroides thetaiotaomicron (strain ATCC 29148 / DSM 2079 / JCM 5827 / CCUG 10774 / NCTC 10582 / VPI-5482 / E50)	535
Q8A066	Q8A066_BACTN	unreviewed	Pectate lyase	BT_4155	Bacteroides thetaiotaomicron (strain ATCC 29148 / DSM 2079 / JCM 5827 / CCUG 10774 / NCTC 10582 / VPI-5482 / E50)	448
Q8A1G3	SUSG_BACTN	reviewed	Alpha-amylase SusG (EC 3.2.1.1) (Starch-utilization system protein G)	susG BT_3698	Bacteroides thetaiotaomicron (strain ATCC 29148 / DSM 2079 / JCM 5827 / CCUG 10774 / NCTC 10582 / VPI-5482 / E50)	692
Q8A915	Q8A915_BACTN	unreviewed	Pectin lyase fold/virulence factor	BT_1002	Bacteroides thetaiotaomicron (strain ATCC 29148 / DSM 2079 / JCM 5827 / CCUG 10774 / NCTC 10582 / VPI-5482 / E50)	619
Q8BHN3	GANAB_MOUSE	reviewed	Neutral alpha-glucosidase AB (EC 3.2.1.207) (Alpha-glucosidase 2) (Glucosidase II subunit alpha)	Ganab G2an Kiaa0088	Mus musculus (Mouse)	944
Q8DP07	Q8DP07_STRR6	unreviewed	1,4-beta-N-acetylmuramidase (EC 3.2.1.17)	lytC spr1431	Streptococcus pneumoniae (strain ATCC BAA-255 / R6)	501
Q8DR60	GH101_STRR6	reviewed	Endo-alpha-N-acetylgalactosaminidase (EC 3.2.1.97) (SpGH101)	spr0328	Streptococcus pneumoniae (strain ATCC BAA-255 / R6)	1767
Q8DRL6	Q8DRL6_STRR6	unreviewed	Beta-N-acetyl-hexosaminidase (EC 3.2.1.52)	strH spr0057	Streptococcus pneumoniae (strain ATCC BAA-255 / R6)	1312
Q8I9N0	Q8I9N0_BRAFL	unreviewed	chitinase (EC 3.2.1.14)	VCBP3	Branchiostoma floridae (Florida lancelet) (Amphioxus)	334
Q8J0P4	CRF1_ASPFU	reviewed	Probable glycosidase crf1 (EC 3.2.-.-) (Crh-like protein 1) (allergen Asp f 9)	crf1 AFUA_1G16190	Aspergillus fumigatus (strain ATCC MYA-4609 / CBS 101355 / FGSC A1100 / Af293) (Neosartorya fumigata)	395
Q8J2T0	HEXA_ASPOZ	reviewed	Beta-hexosaminidase (EC 3.2.1.52) (AoHEX) (Beta-N-acetylglucosaminidase) (Beta-N-acetylhexosaminidase) (Hex)	nagA hexA OAory_01008480	Aspergillus oryzae (Yellow koji mold)	600
Q8K2I4	MANBA_MOUSE	reviewed	Beta-mannosidase (EC 3.2.1.25) (Lysosomal beta A mannosidase) (Mannanase) (Mannase)	Manba Bmn	Mus musculus (Mouse)	879
Q8KKG0	Q8KKG0_9FLAO	unreviewed	Cyclomaltodextrinase (EC 3.2.1.54)	cdase	Flavobacterium sp. 92	619
Q8L5J1	MAN4_SOLLC	reviewed	Mannan endo-1,4-beta-mannosidase 4 (EC 3.2.1.78) (Beta-mannanase 4) (Endo-beta-1,4-mannanase 4) (LeMAN4a) (LeMAN4i)	MAN4	Solanum lycopersicum (Tomato) (Lycopersicon esculentum)	399
Q8NK89	ABFB_ASPKW	reviewed	Alpha-L-arabinofuranosidase B (ABF B) (Arabinosidase B) (EC 3.2.1.55)	abfB AKAW_08685	Aspergillus kawachii (strain NBRC 4308) (White koji mold) (Aspergillus awamori var. kawachi)	499
Q8RY29	ADPG2_ARATH	reviewed	Polygalacturonase ADPG2 (AtADPG2) (PG ADPG2) (EC 3.2.1.15) (Pectinase ADPG2) (Protein ARABIDOPSIS DEHISCENCE ZONE POLYGALACTURONASE 2)	ADPG2 PGAZAT At2g41850 T11A7.5	Arabidopsis thaliana (Mouse-ear cress)	433
Q8TAT5	NEIL3_HUMAN	reviewed	Endonuclease 8-like 3 (EC 3.2.2.-) (EC 4.2.99.18) (DNA glycosylase FPG2) (DNA glycosylase/AP lyase Neil3) (Endonuclease VIII-like 3) (Nei-like protein 3)	NEIL3	Homo sapiens (Human)	605
Q8TTH3	HDG_METAC	reviewed	Hypoxanthine DNA glycosylase (HDG) (EC 3.2.2.-)	MA_0462	Methanosarcina acetivorans (strain ATCC 35395 / DSM 2834 / JCM 12185 / C2A)	158
Q8VVD2	Q8VVD2_GEOSE	unreviewed	Xylan alpha-1,2-glucuronidase (EC 3.2.1.131)	aguA	Geobacillus stearothermophilus (Bacillus stearothermophilus)	679
Q8WPJ2	MANA_MYTED	reviewed	Mannan endo-1,4-beta-mannosidase (EC 3.2.1.78) (Beta-mannanase) (Endo-beta-1,4-mannanase) (Man5A) (ManA)		Mytilus edulis (Blue mussel)	367
Q8YBL1	Q8YBL1_BRUME	unreviewed	5'-methylthioadenosine nucleosidase / s-adenosylhomocysteine nucleosidase (EC 3.2.2.16, EC 3.2.2.9)	BMEII0888	Brucella melitensis biotype 1 (strain 16M / ATCC 23456 / NCTC 10094)	209
Q8YF53	TCPB_BRUME	reviewed	Probable 2' cyclic ADP-D-ribose synthase TcpB (2'cADPR synthase TcpB) (EC 3.2.2.-) (Brucella TIR-containing protein 1) (Btp1) (NAD(+) hydrolase TcpB) (EC 3.2.2.6) (TIR domain-containing protein in Brucella) (TcpB)	tcpB btp1 btpA BMEI1674	Brucella melitensis biotype 1 (strain 16M / ATCC 23456 / NCTC 10094)	250
Q8YWS9	Q8YWS9_NOSS1	unreviewed	beta-fructofuranosidase (EC 3.2.1.26)	invA alr1521	Nostoc sp. (strain PCC 7120 / SAG 25.82 / UTEX 2576)	468
Q91UM2	UNG_VACCA	reviewed	Uracil-DNA glycosylase (UDG) (EC 3.2.2.27)	OPG116 UNG MVA101R ACAM3000_MVA_101	Vaccinia virus (strain Ankara) (VACV)	218
Q92383	MAG1_SCHPO	reviewed	DNA-3-methyladenine glycosylase 1 (EC 3.2.2.21) (3-methyladenine DNA glycosidase 1) (3MEA DNA glycosylase 1)	mag1 SPAPB24D3.04c	Schizosaccharomyces pombe (strain 972 / ATCC 24843) (Fission yeast)	228
Q931U5	ATL_STAAM	reviewed	Bifunctional autolysin [Includes: N-acetylmuramoyl-L-alanine amidase (EC 3.5.1.28); Mannosyl-glycoprotein endo-beta-N-acetylglucosaminidase (EC 3.2.1.96)]	atl nag SAV1052	Staphylococcus aureus (strain Mu50 / ATCC 700699)	1248
Q93HT9	IABN_GEOTD	reviewed	Intracellular endo-alpha-(1->5)-L-arabinanase (ABN) (EC 3.2.1.99) (Endo-1,5-alpha-L-arabinanase)	abn-ts	Geobacillus thermodenitrificans	313
Q93IE7	Q93IE7_9BACL	unreviewed	Glucanase (EC 3.2.1.-)		Paenibacillus fukuinensis	797
Q93RE7	Q93RE7_BACGL	unreviewed	alpha-L-rhamnosidase (EC 3.2.1.40)	rhaB	Bacillus sp. (strain GL1)	956
Q94G86	ALL9_OLEEU	reviewed	Glucan endo-1,3-beta-D-glucosidase (EC 3.2.1.39) (Major pollen allergen Ole e 9) (allergen Ole e 9)	OLE9	Olea europaea (Common olive)	460
Q96FI4	NEIL1_HUMAN	reviewed	Endonuclease 8-like 1 (EC 3.2.2.-) (EC 4.2.99.18) (DNA glycosylase/AP lyase Neil1) (DNA-(apurinic or apyrimidinic site) lyase Neil1) (Endonuclease VIII-like 1) (FPG1) (Nei homolog 1) (NEH1) (Nei-like protein 1)	NEIL1	Homo sapiens (Human)	390
Q96TU3	INUE_ASPAW	reviewed	Extracellular exo-inulinase inuE (EC 3.2.1.80)	inuE inu1	Aspergillus awamori (Black koji mold)	537
Q97WH6	Q97WH6_SACS2	unreviewed	Purine nucleosidase, putative (IunH-2) (EC 3.2.2.1)	iunH-2 SSO2243	Saccharolobus solfataricus (strain ATCC 35092 / DSM 1617 / JCM 11322 / P2) (Sulfolobus solfataricus)	307
Q99P21	MUTYH_MOUSE	reviewed	Adenine DNA glycosylase (EC 3.2.2.31) (MutY homolog) (mMYH)	Mutyh Myh	Mus musculus (Mouse)	515
Q9BQ69	MACD1_HUMAN	reviewed	ADP-ribose glycohydrolase MACROD1 (MACRO domain-containing protein 1) (O-acetyl-ADP-ribose deacetylase MACROD1) (EC 3.1.1.106) (Protein LRP16) ([Protein ADP-ribosylaspartate] hydrolase MACROD1) (EC 3.2.2.-) ([Protein ADP-ribosylglutamate] hydrolase MACROD1) (EC 3.2.2.-)	MACROD1 LRP16	Homo sapiens (Human)	325
Q9BZP6	CHIA_HUMAN	reviewed	Acidic mammalian chitinase (AMCase) (EC 3.2.1.14) (Lung-specific protein TSA1902)	CHIA	Homo sapiens (Human)	476
Q9CE95	Q9CE95_LACLA	unreviewed	Chitinase (EC 3.2.1.14)	chiA L9964	Lactococcus lactis subsp. lactis (strain IL1403) (Streptococcus lactis)	492
Q9F4D5	Q9F4D5_BIFBI	unreviewed	Beta-galactosidase (EC 3.2.1.23)		Bifidobacterium bifidum	1752
Q9F5I8	CGIA_ALTMA	reviewed	Iota-carrageenase (EC 3.2.1.157)	cgiA	Alteromonas macleodii (Pseudoalteromonas macleodii)	491
Q9FBI2	STXA_SHIDY	reviewed	Shiga toxin subunit A (EC 3.2.2.22)	stxA	Shigella dysenteriae	315
Q9FUH3	Q9FUH3_VIGUS	unreviewed	chitinase (EC 3.2.1.14)		Vigna unguiculata subsp. sesquipedalis (Yard-Long bean) (Vigna sesquipedalis)	297
Q9HYC5	TSE3_PSEAE	reviewed	Peptidoglycan muramidase Tse3 (Toxin Tse3) (EC 3.2.1.17)	tse3 PA3484	Pseudomonas aeruginosa (strain ATCC 15692 / DSM 22644 / CIP 104116 / JCM 14847 / LMG 12228 / 1C / PRS 101 / PAO1)	408
Q9I739	TSE6_PSEAE	reviewed	NAD(P)(+) glycohydrolase toxin Tse6 (EC 3.2.2.5)	tse6 PA0093	Pseudomonas aeruginosa (strain ATCC 15692 / DSM 22644 / CIP 104116 / JCM 14847 / LMG 12228 / 1C / PRS 101 / PAO1)	430
Q9I983	Q9I983_GADMO	unreviewed	Uracil-DNA glycosylase (UDG) (EC 3.2.2.27)	UNG UNG1 ung1	Gadus morhua (Atlantic cod)	301
Q9K5C7	Q9K5C7_9MICO	unreviewed	cellulase (EC 3.2.1.4)	celA	Clavibacter michiganensis	745
Q9KG76	ENG1_HALH5	reviewed	Glucan endo-1,3-beta-D-glucosidase (Endo-1,3-beta-glucanase) (EC 3.2.1.39) (Laminarinase)	BH0236	Halalkalibacterium halodurans (strain ATCC BAA-125 / DSM 18197 / FERM 7344 / JCM 9153 / C-125) (Bacillus halodurans)	1020
Q9KIJ7	Q9KIJ7_SALTM	unreviewed	Glucan endo-1,6-beta-glucosidase (EC 3.2.1.75) (Glycosyl hydrolase) (Glycosyl hydrolase family 30 TIM-barrel domain protein) (Lysosomal glucosyl ceramidase) (Lysosomal glucosyl ceramidase-like type III secretion effector SrfJ) (SrfJ)	srfJ A3S30_23745 A3T81_10915 A3U32_18700 A3V03_07835 A3V89_01735 A3W57_13035 A3W75_04855 A3X15_03370 A3X55_02995 A3Y76_12140 A4N07_11595 A4O05_04520 A4O41_04905 A4R48_05875 A6D61_03980 A9U69_23865 AAA76_03140 AAB27_14180 AAB79_02710 AAC35_05640 ADQ28_20510 AF497_23645 AGM99_01145 AHN93_01155 AIT36_20525 AKH62_18710 AL144_04120 AL168_01735 AL184_03305 AQ530_03135 AU613_13750 AVA38_01035 AVC05_01135 AVL16_08335 AXX99_05660 B1265_01145 B1398_07185 B1642_10090 B1P38_04540 B2E31_02995 B4V59_03480 B4W90_08180 B6362_05235 B7Q27_01145 B8Y16_05505 B8Z46_08445 B9C90_07100 B9C96_05045 B9M14_07185 B9O84_03300 BBQ66_05225 BG493_20595 BIC00_07970 BIC13_06105 BK110_09215 BKM50_10955 BMS46_01145 BMU56_08675 BZ203_06595 BZZ88_08870 C5W43_07850 CA117_06265 CAC56_20200 CAC59_20755 CB102_00625 CB119_00625 CB198_06835 CB380_07360 CB535_06550 CB570_00630 CB646_04655 CBM67_11035 CBM76_09355 CBZ90_04795 CC339_03675 CC403_02975 CC453_01680 CC652_08785 CC971_07045 CCP17_01140 CDZ72_02840 CE70_13145 CED07_03015 CEQ70_07125 CFF58_07170 CFF59_06740 CHN22_13055 CIX60_07400 CPS79_03370 CQO33_04575 CSG22_03165 D4361_14825 D4387_08625 D4422_03030 D5823_08910 D5N86_01195 D5N95_09400 D5O82_05290 D5P17_06435 D5X47_10685 D5Y28_07365 D6422_07960 D6J79_11635 D8S24_10325 DD95_23765 DLB93_10595 DLR28_11215 DMI89_17840 DMO92_10500 DN165_10230 DNB97_18850 DNM27_04765 DNZ37_04800 DO533_07515 DP680_10580 DPB42_02270 DPD91_03130 DPF41_01200 DPF68_05325 DPS76_02990 DQR44_05830 DRM14_08390 DRT38_03715 DRT61_24015 DRV05_04745 DSF94_09275 DSG41_03930 DTF68_08500 DU071_05255 DU223_08035 DU657_03590 DU879_05670 DUV75_11155 DWU22_08135 DY580_24685 DYM27_09210 E0935_03165 E1A11_11430 E6W45_09340 EBD14_09965 EBK21_08335 EC404_01995 EEQ30_17800 EER35_05185 EHB09_15320 EL822_04480 ELS01_12625 EPB30_12370 EQG93_06255 EVY71_18675 EW905_03830 F0D96_09690 F2P00_09475 F3Q97_10425 F3R12_05795 F9G02_04495 F9O44_00630 FE758_03615 FEM52_07515 FGZ46_01145 FJM64_10160 FQC24_06150 G0038_08885 G0040_04115 G0042_09170 G0045_08385 G0047_09925 G0048_11495 G0051_10075 G0052_11670 G0059_08290 G0061_09175 G0062_11125 G0063_11050 G0067_10055 G0069_11400 G0070_06390 G0071_11160 G0072_05200 G0074_07260 G0076_11870 G0077_11425 G0080_07910 G0084_12440 G0086_08380 G0087_11495 G0088_10545 G0090_04780 G0094_08150 G0100_08675 G0101_17420 G0102_10590 G0111_08430 G0113_03425 G0117_10365 G0123_11495 G0124_12945 G0148_08880 G0157_10915 G0170_13860 G0A05_04385 G0A28_06905 G0A32_05955 G0A39_05880 G0A43_04665 G0A46_12590 G0A50_08660 G0A51_08900 G0A52_05365 G0A53_07190 G0A58_07090 G0A60_10285 G0A61_07285 G0A63_04440 G0A67_07575 G0A68_05315 G0A70_08510 G0A73_09105 G0A76_08215 G0A79_11330 G0A92_09850 G0A96_09250 G0A97_08740 G0B03_12275 G0B05_09770 G0B07_10595 G0B08_11565 G0B12_11100 G0B96_04405 G0C03_14035 G0C04_15280 G0C34_07155 G0E15_02770 G0E20_05760 G0G84_20960 G0J24_13355 G0J26_11930 G0J27_03165 G0J28_11605 G0J31_06370 G0J33_10770 G0J34_13040 G0J36_08390 G0J37_19825 G0J40_09935 G0J43_01170 G0J44_20035 G0J45_08355 G0J46_15085 G0J47_19455 G0J49_09125 G0J50_01180 G0J51_09965 G0J53_06020 G0J55_19055 G0J58_08175 G0J59_05260 G0J62_21465 G0J65_08350 G0J66_03930 G0J67_07125 G0J69_07170 G0J71_05500 G0J73_03620 G0J76_07070 G0J79_06480 G0J81_06750 G0J82_03490 G0J85_08210 G0J89_01180 G0J92_05270 G0J94_04035 G0J96_06480 G0J97_04065 G0K00_04390 G0K02_10340 G0K03_10620 G0K04_15755 G0K05_22570 G0K07_05700 G0K10_01190 G0K13_08735 G0K15_08585 G0K16_08010 G0K18_04340 G0K19_01055 G0K20_02230 G0K23_08710 G0K25_05000 G0K26_13680 G0K28_08895 G0K30_08655 G0K31_09070 G0K32_00180 G0K33_08195 G0K37_03390 G0K38_06340 G0K39_23625 G0K41_03990 G0K42_10505 G0K46_09985 G0K47_08305 G0K48_01180 G0K49_05300 G0K52_04030 G0K53_04575 G0K56_04270 G0K58_02610 G0K59_01180 G0K61_05145 G0K65_08100 G0K68_01170 G0K70_04300 G0K72_08680 G0K74_02405 G0K75_09365 G0K78_08730 G0K80_01175 G0K83_07135 G0K84_09435 G0K85_01180 G0K88_002869 G0K89_002574 G0K90_002645 G0K94_000619 G0K95_002688 G0L00_003854 G0L02_003212 G0L03_15080 G0L06_14525 G0L07_19520 G0L10_17470 G0L14_05015 G0L15_01195 G0L18_14005 G0L19_00830 G0L20_04480 G0L24_06965 G0L25_04575 G0L29_02325 G0L31_03415 G0L32_04350 G0L34_05280 G0L35_02165 G0L36_03960 G0L37_06745 G0L38_05865 G0L40_01820 G0L42_00060 G0L48_01435 G0L49_01780 G0L51_08200 G0L52_09235 G0L55_08185 G0L59_06650 G0L62_08430 G0L63_08035 G0L65_11710 G0L67_06710 G0L68_08710 G0L70_01135 G0L73_10735 G0L76_10090 G0L77_03145 G0L78_06155 G0L79_07065 G0L83_05435 G0L86_001525 G0L88_06150 G0L89_07790 G0L91_02895 G0L93_03985 G0L96_08265 G0L98_03980 G0M00_03775 G0M05_10040 G0M06_001315 G0M13_001092 G0M14_13090 G0M16_06900 G0M18_002902 G0M21_01975 G0M22_001309 G0M25_001129 G0M26_09030 G0M29_001324 G0M30_07200 G0M33_02290 G0M35_10745 G0M36_04830 G0M38_07920 G0M39_06710 G0M41_07630 G0M45_03500 G0M46_001312 G0M48_001347 G0M53_07695 G0M55_06895 G0M56_07785 G0M65_06305 G0M67_07995 G0N45_07560 G0N48_14810 G0N51_03465 G0N53_13520 G0N55_08640 G0N57_00370 G0N58_07450 G0N59_13185 G0N60_10495 G0N61_06580 G0N62_07470 G0N64_08265 G0N65_07005 G0N66_10415 G0N67_08085 G0N71_04420 G0N75_13010 G0N78_07550 G0N82_09170 G0N84_10495 G0N85_09995 G0N86_12075 G0N88_16540 G0N89_12260 G0N90_08580 G0N92_17400 G0N94_20470 G0N95_03825 G0N98_02225 G0N99_04390 G0O00_05335 G0O03_06210 G0O10_09185 G0O14_14010 G0O15_06650 G0O18_13385 G0O19_10215 G0O20_12850 G0O22_08115 G0O25_07245 G0O27_14190 G0O31_14440 G0O32_12485 G0O36_09795 G0O37_06680 G0O39_14810 G0O40_17470 G0O41_14885 G0O42_04235 G0O43_16430 G0O44_11340 G0O47_04285 G0O52_08985 G0O55_14745 G0O57_04235 G0O58_07575 G0O59_06445 G0O60_06925 G0O63_06450 G0O66_06860 G0O68_04430 G0O70_16820 G0O71_11195 G0O74_04050 G0O75_08320 G0O77_15440 G0O78_12570 G0O80_08570 G0O81_04475 G0O82_11290 G0O84_16285 G0O85_08625 G0O86_04130 G0O87_08975 G0O88_06930 G0O89_10350 G0O92_09945 G0O93_06990 G0O94_04465 G0O97_13850 G0O99_15860 G0P00_05470 G0P01_15675 G0P02_10315 G0P05_04135 G0P06_09160 G0P08_06945 G0P12_03480 G0P13_08565 G0P17_13115 G0P18_10210 G0P19_13065 G0P24_19105 G0P26_11195 G0P28_16745 G0P30_11130 G0P31_07910 G0P36_11220 G0P37_20290 G0P41_21755 G0P44_21980 G0P45_17165 G0P48_16990 G0P49_13865 G0P52_10025 G0P56_15795 G0P57_12910 G0P58_14470 G0P63_03020 G0P65_10405 G0P67_05900 G0P68_15400 G0P69_17820 G0P73_11495 G0P75_02990 G0P76_11120 G1N61_10345 G1N64_12040 G1N66_12030 G1N68_11725 G1N71_12875 G1N72_12035 G1N86_13175 G1N87_12055 G1N91_13895 G1O00_12285 G1O02_13180 G1O04_12045 G1O05_12030 G1O08_13160 G1O12_13185 G1O16_13180 G1O17_11805 G1O18_13180 G1O20_13175 G1O23_12045 G1O25_13170 G1O26_13175 G1O27_12110 G1O28_12940 G1O29_12105 G1O32_13165 G1O34_13245 G1O38_13585 G1O40_13185 G1O43_13170 G1O46_11685 G1O48_12950 G1O49_12160 G1O51_13175 G1O53_13240 G1O62_13180 G1O63_13165 G1O65_12950 G1O67_12495 G1O68_11345 G1O69_12735 G1O71_12730 G1O72_11480 G1O76_13260 G1O77_13175 G1O80_13265 G1O81_12035 G1O83_11630 G1O84_13255 G1O87_13260 G1O88_13250 G1O89_13185 G1O90_13255 G1O93_13250 G1O94_13245 G1O96_13250 G1P02_13245 G1P03_12905 G1P06_12925 G1P09_12200 G1P10_13200 G1P12_13250 G1P14_09800 G1P15_13595 G1P17_13265 G1P19_13250 G1P23_13255 G1P24_13170 G1P25_11480 G1P26_13170 G1P29_12885 G1P31_13240 G1P35_13175 G1P36_13170 G1P37_12830 G1P40_12055 G1P44_13175 G1P45_13255 G1P47_12110 G1P48_13255 G1P51_13255 G1P52_12830 G1P53_12830 G1P54_13265 G1P55_12945 G1P56_13235 G1P57_10345 G1P58_13245 G1P59_13260 G1P61_12725 G1P64_12950 G1P67_13250 G1P69_13165 G1P72_12140 G1P75_13195 G1P76_12840 G1P78_12120 G1P83_11850 G1P84_13180 G1P87_13250 G1P90_12985 G1P91_13245 G1Q03_12860 G1Q08_12345 G1Q67_13255 G1Q78_09500 G1Q81_10965 G1Q83_12120 G1Q84_08275 G1Q85_10990 G1Q86_11340 G1Q88_11350 G1Q90_11795 G1Q91_12045 G1Q93_08795 G1Q96_12010 G1Q98_11535 G1Q99_09160 G1R01_13170 G1R02_12280 G1R03_13250 G1R04_13195 G1R08_08870 G1R13_11600 G1R15_09065 G1R20_13970 G1R21_11100 G1R22_10910 G1R23_08385 G1R27_11630 G1R28_12700 G1R29_13260 G1R30_12945 G1R31_11875 G1R36_13260 G1R38_17805 G1R40_11880 G1R42_13175 G1R44_12940 G1R45_09565 G1R47_12475 G1R48_06065 G1R51_12025 G1R53_13255 G1R63_13255 G1R69_09350 G1R87_11605 G1R93_12855 G1S02_12120 G2203_10975 G2212_02015 G2218_07215 G2221_13040 G2279_10125 G2290_05335 G2793_02515 G2918_01155 G2951_13470 G3221_001048 G3230_003235 G3231_001270 G3247_000549 G3248_003365 G3254_000585 G3263_000931 G3270_000151 G3275_001904 G3312_004502 G3336_000755 G3357_000758 G3369_001482 G3433_002143 G3460_002818 G3464_003726 G3593_000979 G3A35_04185 G3V06_002271 G3V14_001689 G3V17_001537 G3V21_004495 G3V56_001869 G3V57_001308 G3X03_002110 G4189_001690 G4190_003279 G4192_002060 G4201_002171 G4202_000429 G4A01_004820 G4A73_001348 G4A83_002541 G4A85_001009 G4A87_001926 G4B68_003810 G4B72_002377 G4B74_002141 G4C74_001395 G4D32_001095 G4D46_001259 G4F88_03510 G4F89_20860 G4F91_20515 G4F92_03510 G4G47_000232 G4G62_000107 G4G67_001829 G4G68_000708 G4G75_001158 G4G76_001698 G4G79_000429 G4G97_000891 G4H00_001769 G4H04_001010 G4H07_000349 G4H08_000898 G4H18_001898 G4H21_001941 G4H24_001887 G4H63_003112 G4I66_002037 G4J07_004813 G4J08_000931 G4J11_003143 G4J12_003952 G4J18_001677 G4J37_002622 G4J39_001802 G4J41_000975 G4J45_002924 G4J90_004439 G4K02_002097 G4K03_002910 G4O54_001924 G4O56_000580 G4O59_002330 G4O60_002347 G4O67_001947 G4O69_001066 G4P29_001431 G4P83_001930 G4P85_001198 G4P89_000673 G4P91_001899 G4P93_000853 G4Q12_001144 G4Q28_001887 G4Q31_001886 G4Q50_001351 G4Q52_001351 G4Q59_000853 G4Q60_001437 G4Q63_001338 G4Q67_000345 G4Q94_000904 G4R01_002810 G4R02_000853 G4R15_001342 G4R16_001627 G4W68_001255 G4W73_002928 G4W86_001783 G4W87_002176 G4W88_002611 G4W91_000912 G4Y10_001634 G9269_002048 G9302_001996 G9304_000551 G9305_000725 G9309_000707 G9313_001366 G9314_001197 G9367_002707 G9381_001145 G9C24_002405 G9C41_002169 G9C46_000504 G9C47_001947 G9C49_002280 G9C57_002177 G9C64_001508 G9G03_000745 G9G04_001903 G9G34_002416 G9G45_002772 G9G50_002275 G9G62_003149 G9W19_003346 G9W28_000770 G9W45_003392 G9W52_000276 G9W63_000417 G9W65_001894 G9W79_001539 G9W95_001895 G9W96_001030 G9X40_002747 GB021_08050 GB040_22480 GB055_01135 GB076_23340 GB106_03815 GB114_03455 GB120_09935 GB122_01150 GB131_03895 GB139_10805 GB171_08260 GB209_06320 GB221_02125 GB224_08025 GB238_04115 GB280_08530 GB321_08325 GB331_05545 GB339_01145 GB342_14265 GB368_02115 GB372_02085 GB416_09470 GB452_08490 GB459_04465 GB466_06650 GB505_01150 GB510_22265 GB567_11635 GB645_04330 GBS44_11235 GBS58_11870 GBV53_08000 GBV54_06955 GBV60_04175 GBW03_04715 GBW52_06900 GBW76_04480 GBX12_03035 GBX20_03130 GBX46_04235 GBX55_05660 GBX64_05975 GBY13_09385 GBY73_09910 GBZ51_11735 GBZ55_05745 GCZ80_05420 GEZ01_11945 GJE27_15860 GNA88_000832 GNA97_000898 GNA99_000832 GNB28_001999 GNB36_002308 GNB86_001966 GNC11_002640 GNC19_000881 GNC45_001907 GNC75_001171 GNC95_002043 GT380_10600 GTH60_04860 GTH62_10455 GTH63_14995 GTH66_10970 GTH67_20385 GTH68_11335 GTH70_07560 GTH72_05075 GTH73_13715 GTH75_15930 GTH77_07290 GTH78_06935 GTH79_08945 GTH81_00135 GTH85_15445 GTH87_06925 GTH89_08575 GTH90_06740 GTH91_13955 GTH93_15380 GTH94_09890 GTH99_14490 GXC51_01150 GXC56_01150 GXG40_01150 GYI58_05365 GYI62_001877 GYI77_07470 GYJ04_21710 GYJ24_08300 GYJ27_06210 GYJ28_000643 GYJ30_08050 GYJ32_08305 GYJ53_13260 GYJ59_06880 GYJ60_13240 H8S97_22570 JJB80_22260 JJB81_22255 KP44_01145 NG06_20875 R035_14375 SE14_04671 SEL4126_40290 STMLT2P22_CBEKMEGD_00578 Z700_05960 ZV33_04395 ZX03_00135 ZY40_07820	Salmonella typhimurium	447
Q9KN42	VGRG3_VIBCH	reviewed	Type VI secretion system spike protein VgrG3 (Muramidase Vgrg3C) (EC 3.2.1.-)	vgrG3 VC_A0123	Vibrio cholerae serotype O1 (strain ATCC 39315 / El Tor Inaba N16961)	1017
Q9KPK8	UNG_VIBCH	reviewed	Uracil-DNA glycosylase (UDG) (EC 3.2.2.27)	ung VC_2359	Vibrio cholerae serotype O1 (strain ATCC 39315 / El Tor Inaba N16961)	226
Q9KU37	NAGZ_VIBCH	reviewed	Beta-hexosaminidase (EC 3.2.1.52) (Beta-N-acetylhexosaminidase) (N-acetyl-beta-glucosaminidase)	nagZ VC_0692	Vibrio cholerae serotype O1 (strain ATCC 39315 / El Tor Inaba N16961)	330
Q9P868	Q9P868_PIREQ	unreviewed	Cellulase (EC 3.2.1.4)	cel45A	Piromyces equi	410
Q9RC92	UGL_BACGL	reviewed	Unsaturated glucuronyl hydrolase (UGL) (EC 3.2.1.179) (Glycosaminoglycan hydrolase) (Glycuronidase) (Unsaturated uronic acid hydrolase)	ugl	Bacillus sp. (strain GL1)	377
Q9RHG4	MVL_MICVR	reviewed	Lectin MVL (Mannan-binding lectin) (N-acetyl-beta-glucosaminidase) (EC 3.2.1.-) (Oligomannoside-binding lectin)	mvl	Microcystis viridis	114
Q9RL93	Q9RL93_STAAU	unreviewed	DNA-3-methyladenine glycosidase (DNA-3-methyladenine glycosylase (EC 3.2.2.20)) (DNA-3-methyladenine glycosylase 1) (DNA-3-methyladenine glycosylase I)	tag tag_2 ACR67_01580 BG726_08610 C7M54_09480 DD547_01739 EIH03_01145 EP54_09265 EQ90_02405 FAF17_03955 GJH16_05330 GO723_06385 GO814_13200 GO942_04865 GQX37_11830 NCTC10702_02609 NCTC13131_06387 SAHC1335_03672 SAMEA103891221_02240 SAMEA103891415_01697 SAMEA2077334_02628 SAMEA2078260_02529 SAMEA2078588_02525 SAMEA2079520_02678 SAMEA2080344_02527 SAMEA2080903_02579 SAMEA2081063_02282 SAMEA4008575_02168 SAMEA70146418_01005	Staphylococcus aureus	186
Q9RPL0	Q9RPL0_9FIRM	unreviewed	Endoglucanase (EC 3.2.1.4)	cipV	Acetivibrio cellulolyticus	1915
Q9RX51	TREZ_DEIRA	reviewed	Malto-oligosyltrehalose trehalohydrolase (MTHase) (EC 3.2.1.141) (4-alpha-D-((1->4)-alpha-D-glucano)trehalose trehalohydrolase) (Maltooligosyl trehalose trehalohydrolase)	treZ DR_0464	Deinococcus radiodurans (strain ATCC 13939 / DSM 20539 / JCM 16871 / CCUG 27074 / LMG 4051 / NBRC 15346 / NCIMB 9279 / VKM B-1422 / R1)	600
Q9S7S8	Q9S7S8_HORVU	unreviewed	Limit dextrinase (EC 3.2.1.41)		Hordeum vulgare (Barley)	962
Q9SU50	TRE1_ARATH	reviewed	Trehalase (EC 3.2.1.28) (Alpha,alpha-trehalase) (Alpha,alpha-trehalose glucohydrolase) (Trehalase 1) (AtTRE1)	TRE1 At4g24040 T19F6.15 T19F6.30	Arabidopsis thaliana (Mouse-ear cress)	626
Q9UEF7	KLOT_HUMAN	reviewed	Klotho (EC 3.2.1.31) [Cleaved into: Klotho peptide]	KL	Homo sapiens (Human)	1012
Q9UKM7	MA1B1_HUMAN	reviewed	Endoplasmic reticulum mannosyl-oligosaccharide 1,2-alpha-mannosidase (EC 3.2.1.113) (ER alpha-1,2-mannosidase) (ER mannosidase 1) (ERMan1) (Man9GlcNAc2-specific-processing alpha-mannosidase) (Mannosidase alpha class 1B member 1)	MAN1B1 UNQ747/PRO1477	Homo sapiens (Human)	699
Q9UZY0	AGOG_PYRAB	reviewed	N-glycosylase/DNA lyase (8-oxoguanine DNA glycosylase) (EC 3.2.2.-) (AGOG) (DNA-(apurinic or apyrimidinic site) lyase) (AP lyase) (EC 4.2.99.18)	PYRAB10170 PAB1695	Pyrococcus abyssi (strain GE5 / Orsay)	239
Q9WYY1	UDGA_THEMA	reviewed	Type-4 uracil-DNA glycosylase (EC 3.2.2.27) (TMUDG)	tmung TM_0511 Tmari_0507	Thermotoga maritima (strain ATCC 43589 / DSM 3109 / JCM 10099 / NBRC 100826 / MSB8)	192
Q9WZR6	Q9WZR6_THEMA	unreviewed	Beta-N-acetylglucosaminidase (EC 3.2.1.52) (Hydrolase, putative)	nagA TM_0809	Thermotoga maritima (strain ATCC 43589 / DSM 3109 / JCM 10099 / NBRC 100826 / MSB8)	467
Q9X0S8	Q9X0S8_THEMA	unreviewed	Arabinogalactan endo-beta-1,4-galactanase (EC 3.2.1.89)	TM_1201	Thermotoga maritima (strain ATCC 43589 / DSM 3109 / JCM 10099 / NBRC 100826 / MSB8)	606
Q9XGM3	RPS4_ARATH	reviewed	Disease resistance protein RPS4 (Probable NAD(+) hydrolase RPS4) (EC 3.2.2.6) (Resistance to Pseudomonas syringae 4) (TIR-NBS-LRR class disease resistance protein)	RPS4 At5g45250 K9E15.1	Arabidopsis thaliana (Mouse-ear cress)	1217
Q9XJP3	FIBER_BPSFV	reviewed	Tail spike protein (TSP) (Endo-1,3-alpha-L-rhamnosidase) (EC 3.2.1.-) (Endorhamnosidase)		Shigella phage Sf6 (Shigella flexneri bacteriophage VI) (Bacteriophage SfVI)	623
Q9Y223	GLCNE_HUMAN	reviewed	Bifunctional UDP-N-acetylglucosamine 2-epimerase/N-acetylmannosamine kinase (UDP-GlcNAc-2-epimerase/ManAc kinase) [Includes: UDP-N-acetylglucosamine 2-epimerase (hydrolyzing) (EC 3.2.1.183) (UDP-GlcNAc-2-epimerase) (Uridine diphosphate-N-acetylglucosamine-2-epimerase); N-acetylmannosamine kinase (EC 2.7.1.60) (ManAc kinase)]	GNE GLCNE	Homo sapiens (Human)	722
Q9Y3R4	NEUR2_HUMAN	reviewed	Sialidase-2 (EC 3.2.1.18) (Cytosolic sialidase) (N-acetyl-alpha-neuraminidase 2)	NEU2	Homo sapiens (Human)	380
Q9Y530	OARD1_HUMAN	reviewed	ADP-ribose glycohydrolase OARD1 (O-acetyl-ADP-ribose deacetylase 1) (EC 3.5.1.-) (Terminal ADP-ribose protein glycohydrolase 1) ([Protein ADP-ribosylglutamate] hydrolase OARD1) (EC 3.2.2.-)	OARD1 C6orf130 TARG1	Homo sapiens (Human)	152
Q9YGN6	SMUG1_XENLA	reviewed	Single-strand selective monofunctional uracil DNA glycosylase (EC 3.2.2.-)	smug1	Xenopus laevis (African clawed frog)	281
Q9Z2D7	MBD4_MOUSE	reviewed	Methyl-CpG-binding domain protein 4 (EC 3.2.2.-) (Methyl-CpG-binding protein MBD4) (Mismatch-specific DNA N-glycosylase)	Mbd4	Mus musculus (Mouse)	554
Q9ZB22	Q9ZB22_9MICC	unreviewed	Endo-beta-N-acetylglucosaminidase (EC 3.2.1.96)		Glutamicibacter protophormiae	645
Q9ZF13	Q9ZF13_THEFU	unreviewed	Beta-mannanase (EC 3.2.1.78)	man	Thermobifida fusca (Thermomonospora fusca)	279
Q9ZSN5	Q9ZSN5_ARATH	unreviewed	ADP-ribosyl cyclase/cyclic ADP-ribose hydrolase (EC 3.2.2.6)		Arabidopsis thaliana (Mouse-ear cress)	1221
R4P256	R4P256_THEMA	unreviewed	Endoglucanase M (EC 3.2.1.4)	Tmari_1054	Thermotoga maritima (strain ATCC 43589 / DSM 3109 / JCM 10099 / NBRC 100826 / MSB8)	331
T1WGN1	ENDS2_STRP9	reviewed	Endo-beta-N-acetylglucosaminidase EndoS2 (EC 3.2.1.96) (Endoglycosidase S2)	endoS2	Streptococcus pyogenes serotype M49	843
T2KM26	PLH36_FORAG	reviewed	Bifunctional sulfatase/alpha-L-rhamnosidase (P36_GH78/S1_25) [Includes: Ulvan-active sulfatase (EC 3.1.6.-) (Sulfatase family S1 subfamily 25 protein P36) (P36_S1_25); Alpha-L-rhamnosidase (EC 3.2.1.40) (Glycosyl hydrolase 78 family protein P36) (P36_GH78) (Polysaccharide utilization locus H protein P36) (PUL H protein P36)]	BN863_22250	Formosa agariphila (strain DSM 15362 / KCTC 12365 / LMG 23005 / KMM 3901 / M-2Alg 35-1)	1174
T2KN75	PLH17_FORAG	reviewed	Beta-glucuronidase (EC 3.2.1.31) (Glycosyl hydrolase 2 family protein P17) (P17_GH2) (Polysaccharide utilization locus H protein P17) (PUL H protein P17)	BN863_22060	Formosa agariphila (strain DSM 15362 / KCTC 12365 / LMG 23005 / KMM 3901 / M-2Alg 35-1)	981
U5LUV7	U5LUV7_OSTFU	unreviewed	Chitinase (EC 3.2.1.14)		Ostrinia furnacalis (Asian corn borer)	987
V5J3M5	V5J3M5_9ENTR	unreviewed	Beta xylosidase (EC 3.2.1.37)		Enterobacter sp. enrichment culture clone nf1B6	536
V9M3A9	V9M3A9_RHIMI	unreviewed	N-acetyl-beta-D glucosaminidase (EC 3.2.1.52)	Nag	Rhizomucor miehei	858
W8PF21	W8PF21_9BACT	unreviewed	Endoglucanase (EC 3.2.1.4)		uncultured bacterium	577
W8R9V4	W8R9V4_GEOSE	unreviewed	Putative 6-phospho-beta-glucosidase (EC 3.2.1.86)	gan4C	Geobacillus stearothermophilus (Bacillus stearothermophilus)	447
X4Y2L4	LHYAL_HIRNI	reviewed	Hyaluronoglucuronidase (LHyal) (EC 3.2.1.36) (Hyaluronate 3-glycanohydrolase)		Hirudo nipponia (Korean blood-sucking leech)	489
